-- phpMyAdmin SQL Dump
-- version 4.0.6deb1
-- http://www.phpmyadmin.net
--
-- Host: localhost
-- Generation Time: Feb 16, 2014 at 12:12 PM
-- Server version: 5.5.35-0ubuntu0.13.10.2
-- PHP Version: 5.5.3-1ubuntu2.1

SET SQL_MODE = "NO_AUTO_VALUE_ON_ZERO";
SET time_zone = "+00:00";


/*!40101 SET @OLD_CHARACTER_SET_CLIENT=@@CHARACTER_SET_CLIENT */;
/*!40101 SET @OLD_CHARACTER_SET_RESULTS=@@CHARACTER_SET_RESULTS */;
/*!40101 SET @OLD_COLLATION_CONNECTION=@@COLLATION_CONNECTION */;
/*!40101 SET NAMES utf8 */;

--
-- Database: `WSO2_HWDREPO`
--

-- --------------------------------------------------------

--
-- Table structure for table `accessory`
--

CREATE TABLE IF NOT EXISTS `accessory` (
  `accessory_id` int(11) NOT NULL AUTO_INCREMENT,
  `health` int(45) NOT NULL,
  `remarks` varchar(80) DEFAULT NULL,
  `type` varchar(45) NOT NULL,
  `assigned_device_id` int(11) DEFAULT NULL,
  `serial_number` varchar(45) NOT NULL,
  `assigned_date` date DEFAULT NULL,
  `removed_date` date DEFAULT NULL,
  `currently_assigned` int(11) NOT NULL DEFAULT '0',
  PRIMARY KEY (`accessory_id`),
  KEY `assigned_device` (`assigned_device_id`)
) ENGINE=InnoDB  DEFAULT CHARSET=utf8 AUTO_INCREMENT=4 ;

--
-- Dumping data for table `accessory`
--

INSERT INTO `accessory` (`accessory_id`, `health`, `remarks`, `type`, `assigned_device_id`, `serial_number`, `assigned_date`, `removed_date`, `currently_assigned`) VALUES
(3, 2, 'imation mouse', 'mouse', 210, 'DB5S', '2013-12-03', '2014-04-30', 1);

-- --------------------------------------------------------

--
-- Table structure for table `assignment`
--

CREATE TABLE IF NOT EXISTS `assignment` (
  `assignment_id` int(11) NOT NULL AUTO_INCREMENT,
  `employee_id` varchar(80) NOT NULL,
  `device_id` int(11) NOT NULL,
  `assigned_date` date DEFAULT NULL,
  `revokation_date` date DEFAULT NULL,
  `previous_assignment` int(11) DEFAULT NULL,
  `currently_assigned` int(11) NOT NULL DEFAULT '0',
  PRIMARY KEY (`assignment_id`),
  KEY `device_idx` (`device_id`),
  KEY `assigned_to_idx` (`employee_id`),
  KEY `linked_history_idx` (`previous_assignment`)
) ENGINE=InnoDB  DEFAULT CHARSET=utf8 AUTO_INCREMENT=313 ;

--
-- Dumping data for table `assignment`
--

INSERT INTO `assignment` (`assignment_id`, `employee_id`, `device_id`, `assigned_date`, `revokation_date`, `previous_assignment`, `currently_assigned`) VALUES
(31, 'vishmi@wso2.com', 195, NULL, NULL, NULL, 0),
(32, 'manisha@wso2.com', 196, NULL, NULL, NULL, 0),
(33, 'lakmali@wso2.com', 197, NULL, NULL, NULL, 0),
(34, 'rathav@wso2.com', 198, NULL, NULL, NULL, 0),
(36, 'thlini@wso2.com', 200, NULL, NULL, NULL, 0),
(37, 'shenavi@wso2.com', 201, NULL, NULL, NULL, 0),
(38, 'isuruh@wso2.com', 202, NULL, NULL, NULL, 0),
(39, 'canaka@wso2.com', 203, NULL, NULL, NULL, 0),
(40, 'chathura@wso2.com', 204, NULL, NULL, NULL, 0),
(41, 'manula@wso2.com', 205, NULL, NULL, NULL, 0),
(42, 'melan@wso2.com', 208, NULL, NULL, NULL, 0),
(43, 'maheshakya@wso2.com', 209, NULL, NULL, NULL, 0),
(44, 'mihil@wso2.com', 210, '2013-12-18', '2014-04-18', NULL, 0),
(45, 'shammi@wso2.com', 211, NULL, NULL, NULL, 0),
(46, 'ahsan@wso2.com', 212, NULL, NULL, NULL, 0),
(47, 'harshna@wso2.com', 213, NULL, NULL, NULL, 0),
(48, 'sriragu@wso2.com', 214, NULL, NULL, NULL, 0),
(49, 'nirodha@wso2.com', 216, NULL, NULL, NULL, 0),
(50, 'chandana@wso2.com', 217, NULL, NULL, NULL, 0),
(51, 'dinusha@wso2.com', 218, NULL, NULL, NULL, 0),
(52, 'asiria@wso2.com', 219, NULL, NULL, NULL, 0),
(53, 'prapatha@wso2.com', 220, NULL, NULL, NULL, 0),
(54, 'yashira@wso2.com', 221, NULL, NULL, NULL, 0),
(55, 'shariq@wso2.com', 222, NULL, NULL, NULL, 0),
(56, 'camikia@wso2.com', 225, NULL, NULL, NULL, 0),
(57, 'maheshika@wso2.com', 227, NULL, NULL, NULL, 0),
(58, 'dammina@wso2.com', 233, NULL, NULL, NULL, 0),
(59, 'prdeep@wso2.com', 234, NULL, NULL, NULL, 0),
(60, 'gillian@wso2.com', 237, NULL, NULL, NULL, 0),
(61, 'charmal@wso2.com', 239, NULL, NULL, NULL, 0),
(62, 'samuei@wso2.com', 240, NULL, NULL, NULL, 0),
(63, 'thrindur@wso2.com', 241, NULL, NULL, NULL, 0),
(64, 'vimuth@wso2.com', 242, NULL, NULL, NULL, 0),
(65, 'ajithn@wso2.com', 243, NULL, NULL, NULL, 0),
(66, 'rajitha@wso2.com', 244, NULL, NULL, NULL, 0),
(67, 'shenavi@wso2.com', 245, NULL, NULL, NULL, 0),
(68, 'nirodha@wso2.com', 246, NULL, NULL, NULL, 0),
(69, 'dimuthupeksha@wso2.com', 247, NULL, NULL, NULL, 0),
(70, 'chamila@wso2.com', 248, NULL, NULL, NULL, 0),
(71, 'mihiri@wso2.com', 249, NULL, NULL, NULL, 0),
(72, 'damiths@wso2.com', 250, NULL, NULL, NULL, 0),
(73, 'maduranga@wso2.com', 251, NULL, NULL, NULL, 0),
(74, 'tharinda@wso2.com', 252, NULL, NULL, NULL, 0),
(75, 'sasikala@wso2.com', 253, NULL, NULL, NULL, 0),
(76, 'mnula@wso2.com', 254, NULL, NULL, NULL, 0),
(77, 'buddhi@wso2.com', 255, NULL, NULL, NULL, 0),
(78, 'malinthaa@wso2.com', 256, NULL, NULL, NULL, 0),
(79, 'tharshini@wso2.com', 257, NULL, NULL, NULL, 0),
(80, 'nadeshaan@wo2.com', 258, NULL, NULL, NULL, 0),
(81, 'kevin@wso2.com', 259, NULL, NULL, NULL, 0),
(82, 'sudheera@wso2.com', 260, NULL, NULL, NULL, 0),
(83, 'pubudug@wso2.com', 261, NULL, NULL, NULL, 0),
(84, 'thamayanthy@wso2.com', 262, NULL, NULL, NULL, 0),
(118, 'seshika@wso2.com', 264, NULL, NULL, NULL, 0),
(119, 'warunap@wso2.com', 265, NULL, NULL, NULL, 0),
(120, 'nadeeshac@wso2.com', 266, NULL, NULL, NULL, 0),
(121, 'dedunu@wso2.com', 267, NULL, NULL, NULL, 0),
(122, 'arunu@wso2.com', 268, NULL, NULL, NULL, 0),
(123, 'rajithv@wso2.com', 269, NULL, NULL, NULL, 0),
(124, 'calitha@wso2.com', 270, NULL, NULL, NULL, 0),
(125, 'indikas@wso2.com', 271, NULL, NULL, NULL, 0),
(126, 'jayanga@wso2.com', 272, NULL, NULL, NULL, 0),
(127, 'kavith@wso2.com', 273, NULL, NULL, NULL, 0),
(128, 'Chathurika@wso2.com', 274, NULL, NULL, NULL, 0),
(129, 'poshitha@wso1', 275, NULL, NULL, NULL, 0),
(130, 'nirodha@wso2.com', 278, NULL, NULL, NULL, 0),
(131, 'ranga@wso2.com', 279, NULL, NULL, NULL, 0),
(132, 'prasadt@wso2.com', 280, NULL, NULL, NULL, 0),
(133, 'rushmin@wso2.com', 281, NULL, NULL, NULL, 0),
(134, 'iranga@wso2.com', 282, NULL, NULL, NULL, 0),
(135, 'chamaraa@wso2.com', 284, NULL, NULL, NULL, 0),
(136, 'isura@wso2.com', 289, NULL, NULL, NULL, 0),
(137, 'asankad@wso2.com', 291, NULL, NULL, NULL, 0),
(138, 'pavithra@wso2.com', 293, NULL, NULL, NULL, 0),
(139, 'ramith@wso2.com', 299, NULL, NULL, NULL, 0),
(140, 'deep@wso2.com', 300, NULL, NULL, NULL, 0),
(141, 'madhawa@wso2', 301, NULL, NULL, NULL, 0),
(142, 'gillian@wso2.com', 302, NULL, NULL, NULL, 0),
(143, 'chathura@wso2.com', 303, NULL, NULL, NULL, 0),
(144, 'shariq@wso2.com', 304, NULL, NULL, NULL, 0),
(145, 'supunm@wso2.com', 305, NULL, NULL, NULL, 0),
(146, 'sajithr@wso2.com', 307, NULL, NULL, NULL, 0),
(147, 'prdeep@wso2.com', 308, NULL, NULL, NULL, 0),
(148, 'dilini@wso2.com', 309, NULL, NULL, NULL, 0),
(149, 'sanjaya@wso2.com', 310, NULL, NULL, NULL, 0),
(150, 'dhanushkar@wso2.com', 311, NULL, NULL, NULL, 0),
(151, 'thanuja@wso2.com', 313, NULL, NULL, NULL, 0),
(152, 'dinusha@wso2.com', 316, NULL, NULL, NULL, 0),
(153, 'ravihanasa@wso2.com', 317, NULL, NULL, NULL, 0),
(154, 'chandana@wso2.com', 318, NULL, NULL, NULL, 0),
(155, 'yumani@wso2.com', 320, NULL, NULL, NULL, 0),
(156, 'miyuru@wso2.com', 321, NULL, NULL, NULL, 0),
(157, 'chaminda@wso2.com', 322, NULL, NULL, NULL, 0),
(158, 'kasun@wso2.com', 323, NULL, NULL, NULL, 0),
(159, 'nalin@wso2.com', 324, NULL, NULL, NULL, 0),
(160, 'sewwandi@wso2.com', 325, NULL, NULL, NULL, 0),
(161, 'deep@wso2.com', 714, NULL, NULL, NULL, 0),
(162, 'thimuth@wso2.com', 715, NULL, NULL, NULL, 0),
(163, 'ruchira@wso2.com', 716, NULL, NULL, NULL, 0),
(164, 'pavithra@wso2.com', 717, NULL, NULL, NULL, 0),
(165, 'yumani@wso2.com', 718, NULL, NULL, NULL, 0),
(166, 'miyuru@wso2.com', 719, NULL, NULL, NULL, 0),
(167, 'sanjaya@wso2.com', 721, NULL, NULL, NULL, 0),
(168, 'aparna@wso2.com', 723, NULL, NULL, NULL, 0),
(169, 'chamara@wso2.com', 724, NULL, NULL, NULL, 0),
(170, 'viraj@wso2.com', 725, NULL, NULL, NULL, 0),
(171, 'nandika@wso2.com', 727, NULL, NULL, NULL, 0),
(172, 'nuwand@wso2.com', 728, NULL, NULL, NULL, 0),
(173, 'dilshan@wso2.com', 729, NULL, NULL, NULL, 0),
(174, 'dinukam@wso2.com', 730, NULL, NULL, NULL, 0),
(175, 'ishan@wso2.com', 731, NULL, NULL, NULL, 0),
(176, 'irosha@wso2.com', 732, NULL, NULL, NULL, 0),
(177, 'yasith@wso2.com', 733, NULL, NULL, NULL, 0),
(178, 'dushan@wso2.com', 734, NULL, NULL, NULL, 0),
(179, 'isuruu@wso2.com', 735, NULL, NULL, NULL, 0),
(180, 'evanthika@wso2.com', 736, NULL, NULL, NULL, 0),
(181, 'johann@wso2.com', 737, NULL, NULL, NULL, 0),
(182, 'hasithah@wso2.com', 738, NULL, NULL, NULL, 0),
(183, 'sandapa@wso2.com', 739, NULL, NULL, NULL, 0),
(184, 'eranda@wso2.com', 740, NULL, NULL, NULL, 0),
(185, 'Praveenas@wso2.com', 742, NULL, NULL, NULL, 0),
(186, 'kishnthan@wso2.com', 743, NULL, NULL, NULL, 0),
(187, 'nirmal@wso2.com', 744, NULL, NULL, NULL, 0),
(188, 'maninda@wso2.com', 745, NULL, NULL, NULL, 0),
(189, 'isharak@wso2.com', 748, NULL, NULL, NULL, 0),
(190, 'sinthuja@wso2.com', 749, NULL, NULL, NULL, 0),
(191, 'suresh@wso2.com', 750, NULL, NULL, NULL, 0),
(192, 'reka@wso2.com', 751, NULL, NULL, NULL, 0),
(193, 'kasung@wso2.com', 752, NULL, NULL, NULL, 0),
(194, 'subash@wso2.com', 753, NULL, NULL, NULL, 0),
(195, 'damitha@wso2.com', 754, NULL, NULL, NULL, 0),
(196, 'lahirus@wso2.com', 756, NULL, NULL, NULL, 0),
(197, 'vijitha@wso2.com', 757, NULL, NULL, NULL, 0),
(198, 'harindu@wso2.com', 758, NULL, NULL, NULL, 0),
(199, 'chritham@wso2.com', 760, NULL, NULL, NULL, 0),
(200, 'rajeeva@wso2.com', 761, NULL, NULL, NULL, 0),
(201, 'ramith@wso2.com', 763, NULL, NULL, NULL, 0),
(202, 'sajith@wso2.com', 764, NULL, NULL, NULL, 0),
(203, 'amani@wso2.com', 766, NULL, NULL, NULL, 0),
(204, 'chamathg@wso2.com', 767, NULL, NULL, NULL, 0),
(205, 'arrna@wso2.com', 768, NULL, NULL, NULL, 0),
(206, 'amal@wso2.com', 769, NULL, NULL, NULL, 0),
(207, 'shelan@wso2.com', 770, NULL, NULL, NULL, 0),
(208, 'charitha@wso2.com', 771, NULL, NULL, NULL, 0),
(209, 'pamod@wso2.com', 772, NULL, NULL, NULL, 0),
(210, 'krishantha@wso2.com', 773, NULL, NULL, NULL, 0),
(211, 'geeth@wso2.com', 774, NULL, NULL, NULL, 0),
(212, 'reka@wso2.com', 775, NULL, NULL, NULL, 0),
(213, 'daya@wso2.com', 776, NULL, NULL, NULL, 0),
(214, 'jasintha@wso2.com', 777, NULL, NULL, NULL, 0),
(215, 'dharshna@wso2.com', 778, NULL, NULL, NULL, 0),
(216, 'jagath@wso2.com', 779, NULL, NULL, NULL, 0),
(217, 'madhuka@wso2.com', 780, NULL, NULL, NULL, 0),
(218, 'isuruw@wso2.com', 781, NULL, NULL, NULL, 0),
(219, 'nuwanw@wso2.com', 782, NULL, NULL, NULL, 0),
(220, 'amilad@wso2.com', 783, NULL, NULL, NULL, 0),
(221, 'madura@wso2.com', 784, NULL, NULL, NULL, 0),
(222, 'rajeev@wso2.com', 786, NULL, NULL, NULL, 0),
(223, 'chamith@wso2.com', 787, NULL, NULL, NULL, 0),
(224, 'evanthika@wso2.com', 788, NULL, NULL, NULL, 0),
(225, 'deep@wso2.com', 789, NULL, NULL, NULL, 0),
(226, 'rumesh@wso2.com', 791, NULL, NULL, NULL, 0),
(227, 'chanika@wso2.com', 792, NULL, NULL, NULL, 0),
(228, 'shameera@wso2.com', 793, NULL, NULL, NULL, 0),
(229, 'jeevantha@wso2.com', 794, NULL, NULL, NULL, 0),
(230, 'ananda@wso2.com', 795, NULL, NULL, NULL, 0),
(231, 'chanika@wso2.com', 797, NULL, NULL, NULL, 0),
(232, 'mohanvive@wso2.com', 798, NULL, NULL, NULL, 0),
(233, 'pulasthi@wso2.com', 799, NULL, NULL, NULL, 0),
(234, 'venura@wso2.com', 800, NULL, NULL, NULL, 0),
(235, 'sumedha@wso2.com', 801, NULL, NULL, NULL, 0),
(236, 'shashika@wso2.com', 802, NULL, NULL, NULL, 0),
(237, 'harshat@wso2.com', 803, NULL, NULL, NULL, 0),
(238, 'ishara@wso2.com', 804, NULL, NULL, NULL, 0),
(239, 'lanka@wso2.com', 805, NULL, NULL, NULL, 0),
(240, 'anjana@wso2.com', 806, NULL, NULL, NULL, 0),
(241, 'chanakaf@wso2.com', 807, NULL, NULL, NULL, 0),
(242, 'dulanja@wso2.com', 808, NULL, NULL, NULL, 0),
(243, 'ushani@wso2.com', 809, NULL, NULL, NULL, 0),
(244, 'bhathiya@wso2.com', 813, NULL, NULL, NULL, 0),
(245, 'malaka@wso2.com', 814, NULL, NULL, NULL, 0),
(246, 'tanya@wso2.com', 815, NULL, NULL, NULL, 0),
(247, 'inosh@wso2.com', 816, NULL, NULL, NULL, 0),
(248, 'udara@wso2.com', 818, NULL, NULL, NULL, 0),
(249, 'vanji@wso2.com', 819, NULL, NULL, NULL, 0),
(250, 'danushkaf@wso2.com', 820, NULL, NULL, NULL, 0),
(251, 'gayand@wso2.com', 821, NULL, NULL, NULL, 0),
(252, 'shamika@wso2.com', 822, NULL, NULL, NULL, 0),
(253, 'sanjeewa@wso2.com', 823, NULL, NULL, NULL, 0),
(254, 'manu@wso2.com', 824, NULL, NULL, NULL, 0),
(255, 'gihan@wso2.com', 825, NULL, NULL, NULL, 0),
(256, 'ashan@wso2.com', 826, NULL, NULL, NULL, 0),
(257, 'isurup@wso2.com', 827, NULL, NULL, NULL, 0),
(258, 'nadeesha@wso2.com', 828, NULL, NULL, NULL, 0),
(259, 'asankav@wso2.com', 829, NULL, NULL, NULL, 0),
(260, 'lasantha@wso2.com', 830, NULL, NULL, NULL, 0),
(261, 'darshana@wso2.com', 831, NULL, NULL, NULL, 0),
(262, 'malith@wso2.com', 832, NULL, NULL, NULL, 0),
(263, 'susankha@wso2.com', 833, NULL, NULL, NULL, 0),
(264, 'ruchira@wso2.com', 834, NULL, NULL, NULL, 0),
(265, 'punnadi@wso2.com', 835, NULL, NULL, NULL, 0),
(266, 'Ruwany@wso2.com', 837, NULL, NULL, NULL, 0),
(267, 'manjular@wso2.com', 838, NULL, NULL, NULL, 0),
(268, 'paraparan@wso2.com', 839, NULL, NULL, NULL, 0),
(269, 'gayan@wso2.com', 840, NULL, NULL, NULL, 0),
(270, 'harsha@wso2.com', 841, NULL, NULL, NULL, 0),
(271, 'padkika@wso2.com', 842, NULL, NULL, NULL, 0),
(272, 'gokula@wso2.com', 843, NULL, NULL, NULL, 0),
(273, 'sameera@wso2.com', 844, NULL, NULL, NULL, 0),
(274, 'ajanthan@wso2.com', 845, NULL, NULL, NULL, 0),
(275, 'ishanka@wso2.com', 846, NULL, NULL, NULL, 0),
(276, 'suneth@wso2.com', 847, NULL, NULL, NULL, 0),
(277, 'janaka@wso2.com', 848, NULL, NULL, NULL, 0),
(278, 'ashansa@wso2.com', 849, NULL, NULL, NULL, 0),
(279, 'chamathg@wso2.com', 851, NULL, NULL, NULL, 0),
(280, 'thayalsn@wso2.com', 852, NULL, NULL, NULL, 0),
(281, 'shani@wso2.com', 854, NULL, NULL, NULL, 0),
(282, 'uvindra@wso2.com', 855, NULL, NULL, NULL, 0),
(283, 'kasun@wso2mobile.com', 856, NULL, NULL, NULL, 0),
(284, 'harshan@wso2.com', 858, NULL, NULL, NULL, 0),
(285, 'shiroshika@wso2.com', 860, NULL, NULL, NULL, 0),
(286, 'manojf@wso2.com', 862, NULL, NULL, NULL, 0),
(287, 'krishanthis@mso2.com', 863, NULL, NULL, NULL, 0),
(288, 'Manulac@wso2.com', 864, NULL, NULL, NULL, 0),
(289, 'lakmaik@wso2.com', 865, NULL, NULL, NULL, 0),
(290, 'susinda@wso2.com', 866, NULL, NULL, NULL, 0),
(291, 'asankas@wso2.com', 867, NULL, NULL, NULL, 0),
(292, 'ravi@wso2.com', 868, NULL, NULL, NULL, 0),
(293, 'udarar@wso2.com', 869, NULL, NULL, NULL, 0),
(294, 'dakshitha@wso2.com', 871, NULL, NULL, NULL, 0),
(295, 'sagara@wso2.com', 873, NULL, NULL, NULL, 0),
(296, 'thilinap@wso2.com', 876, NULL, NULL, NULL, 0),
(297, 'amalg@wso2.com', 878, NULL, NULL, NULL, 0),
(298, 'dineshb@wso2.com', 879, NULL, NULL, NULL, 0),
(299, 'umesha@wso2.com', 885, NULL, NULL, NULL, 0),
(300, 'sameeram@wso2.com', 889, NULL, NULL, NULL, 0),
(301, 'isuruwan@wso2.com', 890, NULL, NULL, NULL, 0),
(302, 'lali@wso2.com', 891, NULL, NULL, NULL, 0),
(303, 'malitha@wso2.com', 892, NULL, NULL, NULL, 0),
(304, 'niranjan@wso2.com', 893, NULL, NULL, NULL, 0),
(305, 'warunaj@wso2.com', 894, NULL, NULL, NULL, 0),
(306, 'sohani@wso2.com', 897, NULL, NULL, NULL, 0),
(307, 'ajithn@wso2.com', 898, NULL, NULL, NULL, 0),
(308, 'asela@wso2.com', 899, NULL, NULL, NULL, 0),
(309, 'thimuth@wso2.com', 900, NULL, NULL, NULL, 0),
(310, 'lalaji@wso2.com', 901, NULL, NULL, NULL, 0),
(311, 'asanthi@wso2.com', 902, NULL, NULL, NULL, 0),
(312, 'chamil@wso2.com', 903, NULL, NULL, NULL, 0);

-- --------------------------------------------------------

--
-- Table structure for table `device`
--

CREATE TABLE IF NOT EXISTS `device` (
  `device_id` int(11) NOT NULL AUTO_INCREMENT,
  `serial_number` varchar(45) NOT NULL,
  `make` varchar(45) DEFAULT NULL,
  `model` varchar(45) DEFAULT NULL,
  `rating` int(11) DEFAULT NULL,
  `purchase_date` date DEFAULT NULL,
  `supplier` varchar(45) DEFAULT NULL,
  `type` varchar(45) DEFAULT NULL,
  `health` int(45) DEFAULT NULL,
  `screen_size` float DEFAULT NULL,
  `touch_type` varchar(45) DEFAULT NULL,
  `camera` varchar(45) DEFAULT NULL,
  `cpu` varchar(80) DEFAULT NULL,
  `core_count` int(11) DEFAULT NULL,
  `storage` varchar(45) DEFAULT NULL,
  `network_controller` varchar(45) DEFAULT NULL,
  `remarks` varchar(256) DEFAULT NULL,
  `vga` varchar(45) DEFAULT NULL,
  `memory` varchar(45) DEFAULT NULL,
  PRIMARY KEY (`device_id`),
  KEY `supplier_idx` (`supplier`)
) ENGINE=InnoDB  DEFAULT CHARSET=utf8 AUTO_INCREMENT=1017 ;

--
-- Dumping data for table `device`
--

INSERT INTO `device` (`device_id`, `serial_number`, `make`, `model`, `rating`, `purchase_date`, `supplier`, `type`, `health`, `screen_size`, `touch_type`, `camera`, `cpu`, `core_count`, `storage`, `network_controller`, `remarks`, `vga`, `memory`) VALUES
(195, '2B074029H', 'Toshiba', 'Tecra', NULL, '2011-03-22', NULL, 'laptop', NULL, NULL, NULL, NULL, NULL, NULL, NULL, NULL, NULL, NULL, '6 GB'),
(196, '2B074031H', 'Toshiba', 'Tecra', NULL, '2011-03-22', NULL, 'laptop', NULL, NULL, NULL, NULL, NULL, NULL, NULL, NULL, NULL, NULL, '8 GB'),
(197, '2B074032H', 'Toshiba', 'Tecra', NULL, '2011-03-22', NULL, 'laptop', NULL, NULL, NULL, NULL, NULL, NULL, NULL, NULL, NULL, NULL, '8 GB'),
(198, '5A046437H', 'Toshiba', 'Tecra', NULL, '2011-03-22', NULL, 'laptop', NULL, NULL, NULL, NULL, NULL, NULL, NULL, NULL, NULL, NULL, '8 GB'),
(199, '2B074036H', 'Toshiba', 'Tecra', NULL, '2011-03-22', NULL, 'laptop', NULL, NULL, NULL, NULL, NULL, NULL, NULL, NULL, NULL, NULL, '8 GB'),
(200, '2B076146H', 'Toshiba', 'Tecra', NULL, '2011-03-22', NULL, 'laptop', NULL, NULL, NULL, NULL, NULL, NULL, NULL, NULL, NULL, NULL, '8 GB'),
(201, '2B076147H', 'Toshiba', 'Tecra', NULL, '2011-03-22', NULL, 'laptop', NULL, NULL, NULL, NULL, NULL, NULL, NULL, NULL, NULL, NULL, '8 GB'),
(202, '2B076156H', 'Toshiba', 'Tecra', NULL, '2011-03-22', NULL, 'laptop', NULL, NULL, NULL, NULL, NULL, NULL, NULL, NULL, NULL, NULL, '8 GB'),
(203, '2B076172H', 'Toshiba', 'Tecra', NULL, '2011-03-22', NULL, 'laptop', NULL, NULL, NULL, NULL, NULL, NULL, NULL, NULL, NULL, NULL, '8 GB'),
(204, '2B076174H', 'Toshiba', 'Tecra', NULL, '2011-03-22', NULL, 'laptop', NULL, NULL, NULL, NULL, NULL, NULL, NULL, NULL, NULL, NULL, '8 GB'),
(205, '2B076178H', 'Toshiba', 'Tecra', NULL, '2011-03-22', NULL, 'laptop', NULL, NULL, NULL, NULL, NULL, NULL, NULL, NULL, NULL, NULL, '8 GB'),
(206, '2B076185H', 'Toshiba', 'Tecra', NULL, '2011-03-22', NULL, 'laptop', NULL, NULL, NULL, NULL, NULL, NULL, NULL, NULL, NULL, NULL, '8 GB'),
(207, '2B076189H', 'Toshiba', 'Tecra', NULL, '2011-03-22', NULL, 'laptop', NULL, NULL, NULL, NULL, NULL, NULL, NULL, NULL, NULL, NULL, '8 GB'),
(208, '2B076191H', 'Toshiba', 'Tecra', NULL, '2011-03-22', NULL, 'laptop', NULL, NULL, NULL, NULL, NULL, NULL, NULL, NULL, NULL, NULL, '8 GB'),
(209, '2B076197H', 'Toshiba', 'Tecra', NULL, '2011-03-22', NULL, 'laptop', NULL, NULL, NULL, NULL, NULL, NULL, NULL, NULL, NULL, NULL, '8 GB'),
(210, '2B076198H', 'Toshiba', 'Tecra', NULL, '2011-03-22', NULL, 'laptop', NULL, NULL, NULL, NULL, NULL, NULL, NULL, NULL, NULL, NULL, '8 GB'),
(211, '2B076200H', 'Toshiba', 'Tecra', NULL, '2011-03-22', NULL, 'laptop', NULL, NULL, NULL, NULL, NULL, NULL, NULL, NULL, NULL, NULL, '8 GB'),
(212, '2B076202H', 'Toshiba', 'Tecra', NULL, '2011-03-22', NULL, 'laptop', NULL, NULL, NULL, NULL, NULL, NULL, NULL, NULL, NULL, NULL, '8 GB'),
(213, '2BO76175H', 'Toshiba', 'Tecra', NULL, '2011-03-22', NULL, 'laptop', NULL, NULL, NULL, NULL, NULL, NULL, NULL, NULL, NULL, NULL, '8 GB'),
(214, 'YA114000H', 'Toshiba', 'Tecra', NULL, '2011-03-22', NULL, 'laptop', NULL, NULL, NULL, NULL, NULL, NULL, NULL, NULL, NULL, NULL, '8 GB'),
(215, '5A046433H', 'Toshiba', 'Tecra', NULL, '2010-09-21', NULL, 'laptop', NULL, NULL, NULL, NULL, NULL, NULL, NULL, NULL, NULL, NULL, '8 GB'),
(216, '2B074034H', 'Toshiba', 'Tecra', NULL, '2010-09-21', NULL, 'laptop', NULL, NULL, NULL, NULL, NULL, NULL, NULL, NULL, NULL, NULL, '8 GB'),
(217, '5A046441H', 'Toshiba', 'Tecra', NULL, '2010-09-21', NULL, 'laptop', NULL, NULL, NULL, NULL, NULL, NULL, NULL, NULL, NULL, NULL, '8 GB'),
(218, '5A046443H', 'Toshiba', 'Tecra', NULL, '2010-09-21', NULL, 'laptop', NULL, NULL, NULL, NULL, NULL, NULL, NULL, NULL, NULL, NULL, '8 GB'),
(219, '5A046444H', 'Toshiba', 'Tecra', NULL, '2010-09-21', NULL, 'laptop', NULL, NULL, NULL, NULL, NULL, NULL, NULL, NULL, NULL, NULL, '8 GB'),
(220, '5A046448H', 'Toshiba', 'Tecra', NULL, '2010-09-21', NULL, 'laptop', NULL, NULL, NULL, NULL, NULL, NULL, NULL, NULL, NULL, NULL, '8 GB'),
(221, '5A046449H', 'Toshiba', 'Tecra', NULL, '2010-09-21', NULL, 'laptop', NULL, NULL, NULL, NULL, NULL, NULL, NULL, NULL, NULL, NULL, '8 GB'),
(222, '5A046649H', 'Toshiba', 'Tecra', NULL, '2010-09-21', NULL, 'laptop', NULL, NULL, NULL, NULL, NULL, NULL, NULL, NULL, NULL, NULL, '8GB'),
(223, '5A046652H', 'Toshiba', 'Tecra', NULL, '2010-09-21', NULL, 'laptop', NULL, NULL, NULL, NULL, NULL, NULL, NULL, NULL, NULL, NULL, '8 GB'),
(224, '5A046663H', 'Toshiba', 'Tecra', NULL, '2010-09-21', NULL, 'laptop', NULL, NULL, NULL, NULL, NULL, NULL, NULL, NULL, NULL, NULL, '8 GB'),
(225, '6A073699H', 'Toshiba', 'Tecra', NULL, '2010-09-21', NULL, 'laptop', NULL, NULL, NULL, NULL, NULL, NULL, NULL, NULL, NULL, NULL, '8 GB'),
(226, '6A073701H', 'Toshiba', 'Tecra', NULL, '2010-09-21', NULL, 'laptop', NULL, NULL, NULL, NULL, NULL, NULL, NULL, NULL, NULL, NULL, '8 GB'),
(227, '6A073710H', 'Toshiba', 'Tecra', NULL, '2010-09-21', NULL, 'laptop', NULL, NULL, NULL, NULL, NULL, NULL, NULL, NULL, NULL, NULL, '8 GB'),
(228, '6A074403H', 'Toshiba', 'Tecra', NULL, '2010-09-21', NULL, 'laptop', NULL, NULL, NULL, NULL, NULL, NULL, NULL, NULL, NULL, NULL, '8 GB'),
(229, '6A074892H', 'Toshiba', 'Tecra', NULL, '2010-09-21', NULL, 'laptop', NULL, NULL, NULL, NULL, NULL, NULL, NULL, NULL, NULL, NULL, '8 GB'),
(230, '6A075681H', 'Toshiba', 'Tecra', NULL, '2010-09-21', NULL, 'laptop', NULL, NULL, NULL, NULL, NULL, NULL, NULL, NULL, NULL, NULL, '8 GB'),
(231, '7A123698H', 'Toshiba', 'Tecra', NULL, '2010-09-21', NULL, 'laptop', NULL, NULL, NULL, NULL, NULL, NULL, NULL, NULL, NULL, NULL, '8 GB'),
(232, '5A046437H', 'Toshiba', 'Tecra', NULL, '2010-09-21', NULL, 'laptop', NULL, NULL, NULL, NULL, NULL, NULL, NULL, NULL, NULL, NULL, '8 GB'),
(233, '7A123708H', 'Toshiba', 'Tecra', NULL, '2010-09-21', NULL, 'laptop', NULL, NULL, NULL, NULL, NULL, NULL, NULL, NULL, NULL, NULL, '8 GB'),
(234, '7A123709H', 'Toshiba', 'Tecra', NULL, '2010-09-21', NULL, 'laptop', NULL, NULL, NULL, NULL, NULL, NULL, NULL, NULL, NULL, NULL, '8 GB'),
(235, '7A124944H', 'Toshiba', 'Tecra', NULL, '2010-09-21', NULL, 'laptop', NULL, NULL, NULL, NULL, NULL, NULL, NULL, NULL, NULL, NULL, '8 GB'),
(236, '7A124946H', 'Toshiba', 'Tecra', NULL, '2010-09-21', NULL, 'laptop', NULL, NULL, NULL, NULL, NULL, NULL, NULL, NULL, NULL, NULL, '8 GB'),
(237, '7A124947H', 'Toshiba', 'Tecra', NULL, '2010-09-21', NULL, 'laptop', NULL, NULL, NULL, NULL, NULL, NULL, NULL, NULL, NULL, NULL, '8 GB'),
(238, 'GPPMQS1', 'Dell', 'Vostro3450', NULL, '2012-05-16', NULL, 'laptop', NULL, NULL, NULL, NULL, NULL, NULL, NULL, NULL, NULL, NULL, '4.GB'),
(239, '2HNMQS1', 'Dell', 'Vostro3450', NULL, '2012-05-16', NULL, 'laptop', NULL, NULL, NULL, NULL, NULL, NULL, NULL, NULL, NULL, NULL, '4.GB'),
(240, 'JKPMQS1', 'Dell', 'Vostro3450', NULL, '2012-05-16', NULL, 'laptop', NULL, NULL, NULL, NULL, NULL, NULL, NULL, NULL, NULL, NULL, '4.GB'),
(241, 'JPPMQS1', 'Dell', 'Vostro3450', NULL, '2012-05-16', NULL, 'laptop', NULL, NULL, NULL, NULL, NULL, NULL, NULL, NULL, NULL, NULL, '4.GB'),
(242, 'FJNMQS1', 'Dell', 'Vostro3450', NULL, '2012-05-16', NULL, 'laptop', NULL, NULL, NULL, NULL, NULL, NULL, NULL, NULL, NULL, NULL, '4.GB'),
(243, '3LPMQS1', 'Dell', 'Vostro3450', NULL, '2012-05-16', NULL, 'laptop', NULL, NULL, NULL, NULL, NULL, NULL, NULL, NULL, NULL, NULL, '8.GB'),
(244, 'BJNMQS1', 'Dell', 'Vostro3450', NULL, '2012-05-16', NULL, 'laptop', NULL, NULL, NULL, NULL, NULL, NULL, NULL, NULL, NULL, NULL, '4.GB'),
(245, 'CPPMQS1', 'Dell', 'Vostro3450', NULL, '2012-05-16', NULL, 'laptop', NULL, NULL, NULL, NULL, NULL, NULL, NULL, NULL, NULL, NULL, '4.GB'),
(246, '1CNMQS1', 'Dell', 'Vostro3450', NULL, '2012-05-16', NULL, 'laptop', NULL, NULL, NULL, NULL, NULL, NULL, NULL, NULL, NULL, NULL, '4.GB'),
(247, 'HHNMQS1', 'Dell', 'Vostro3450', NULL, '2012-05-16', NULL, 'laptop', NULL, NULL, NULL, NULL, NULL, NULL, NULL, NULL, NULL, NULL, '4.GB'),
(248, '8JNMQS1', 'Dell', 'Vostro3450', NULL, '2012-05-16', NULL, 'laptop', NULL, NULL, NULL, NULL, NULL, NULL, NULL, NULL, NULL, NULL, '4.GB'),
(249, '9HNMQS1', 'Dell', 'Vostro3450', NULL, '2012-05-16', NULL, 'laptop', NULL, NULL, NULL, NULL, NULL, NULL, NULL, NULL, NULL, NULL, '4.GB'),
(250, 'GGNMQS1', 'Dell', 'Vostro3450', NULL, '2012-05-16', NULL, 'laptop', NULL, NULL, NULL, NULL, NULL, NULL, NULL, NULL, NULL, NULL, '4.GB'),
(251, '5HNMQS1', 'Dell', 'Vostro3450', NULL, '2012-05-16', NULL, 'laptop', NULL, NULL, NULL, NULL, NULL, NULL, NULL, NULL, NULL, NULL, '4.GB'),
(252, '4JNMQS1', 'Dell', 'Vostro3450', NULL, '2012-05-16', NULL, 'laptop', NULL, NULL, NULL, NULL, NULL, NULL, NULL, NULL, NULL, NULL, '4.GB'),
(253, 'DHNMQS1', 'Dell', 'Vostro3450', NULL, '2012-05-16', NULL, 'laptop', NULL, NULL, NULL, NULL, NULL, NULL, NULL, NULL, NULL, NULL, '8.GB'),
(254, 'JGNMQS1', 'Dell', 'Vostro3450', NULL, '2012-05-16', NULL, 'laptop', NULL, NULL, NULL, NULL, NULL, NULL, NULL, NULL, NULL, NULL, '4.GB'),
(255, 'GJNMQS1', 'Dell', 'Vostro3450', NULL, '2012-05-16', NULL, 'laptop', NULL, NULL, NULL, NULL, NULL, NULL, NULL, NULL, NULL, NULL, '4.GB'),
(256, 'GHNMQS1', 'Dell', 'Vostro3450', NULL, '2012-05-16', NULL, 'laptop', NULL, NULL, NULL, NULL, NULL, NULL, NULL, NULL, NULL, NULL, '4.GB'),
(257, '1KNMQS1', 'Dell', 'Vostro3450', NULL, '2012-06-16', NULL, 'laptop', NULL, NULL, NULL, NULL, NULL, NULL, NULL, NULL, NULL, NULL, '4.GB'),
(258, '9JNMQS1', 'Dell', 'Vostro3450', NULL, '2012-06-16', NULL, 'laptop', NULL, NULL, NULL, NULL, NULL, NULL, NULL, NULL, NULL, NULL, '4.GB'),
(259, 'FKPMQS1', 'Dell', 'Vostro3450', NULL, '2012-06-16', NULL, 'laptop', NULL, NULL, NULL, NULL, NULL, NULL, NULL, NULL, NULL, NULL, '4.GB'),
(260, 'JJNMQS1', 'Dell', 'Vostro3450', NULL, '2012-06-16', NULL, 'laptop', NULL, NULL, NULL, NULL, NULL, NULL, NULL, NULL, NULL, NULL, '4.GB'),
(261, 'GKPMQS1', 'Dell', 'Vostro3450', NULL, '2012-06-16', NULL, 'laptop', NULL, NULL, NULL, NULL, NULL, NULL, NULL, NULL, NULL, NULL, '4.GB'),
(262, 'CJPMQS1', 'Dell', 'Vostro3450', NULL, '2012-06-16', NULL, 'laptop', NULL, NULL, NULL, NULL, NULL, NULL, NULL, NULL, NULL, NULL, '4.GB'),
(263, 'DT3CSQ1', 'Dell', 'XPS', NULL, '2012-06-16', NULL, 'laptop', NULL, NULL, NULL, NULL, NULL, NULL, NULL, NULL, NULL, NULL, '8.GB'),
(264, '438TXY1', 'Dell', 'Latitude E6540', NULL, '2013-12-31', NULL, 'laptop', NULL, NULL, NULL, NULL, NULL, NULL, NULL, NULL, NULL, NULL, '16GB'),
(265, '928TXY1', 'Dell', 'Latitude E6540', NULL, '2013-12-31', NULL, 'laptop', NULL, NULL, NULL, NULL, NULL, NULL, NULL, NULL, NULL, NULL, '16GB'),
(266, 'DCMTXY1', 'Dell', 'Latitude E6540', NULL, '2013-12-31', NULL, 'laptop', NULL, NULL, NULL, NULL, NULL, NULL, NULL, NULL, NULL, NULL, '16GB'),
(267, 'H78TXY1', 'Dell', 'Latitude E6540', NULL, '2013-12-31', NULL, 'laptop', NULL, NULL, NULL, NULL, NULL, NULL, NULL, NULL, NULL, NULL, '16GB'),
(268, '4COTXY1', 'Dell', 'Latitude E6540', NULL, '2013-12-31', NULL, 'laptop', NULL, NULL, NULL, NULL, NULL, NULL, NULL, NULL, NULL, NULL, '16GB'),
(269, '988TXY1', 'Dell', 'Latitude E6540', NULL, '2013-12-31', NULL, 'laptop', NULL, NULL, NULL, NULL, NULL, NULL, NULL, NULL, NULL, NULL, '16GB'),
(270, 'FN9TXY1', 'Dell', 'Latitude E6540', NULL, '2013-12-31', NULL, 'laptop', NULL, NULL, NULL, NULL, NULL, NULL, NULL, NULL, NULL, NULL, '16GB'),
(271, '7B8TXY1', 'Dell', 'Latitude E6540', NULL, '2013-12-31', NULL, 'laptop', NULL, NULL, NULL, NULL, NULL, NULL, NULL, NULL, NULL, NULL, '16GB'),
(272, 'B38TXY1', 'Dell', 'Latitude E6540', NULL, '2013-12-31', NULL, 'laptop', NULL, NULL, NULL, NULL, NULL, NULL, NULL, NULL, NULL, NULL, '16GB'),
(273, 'G98TXY1', 'Dell', 'Latitude E6540', NULL, '2013-12-31', NULL, 'laptop', NULL, NULL, NULL, NULL, NULL, NULL, NULL, NULL, NULL, NULL, '16GB'),
(274, '11R7YY1', 'Dell', 'Latitude E6540', NULL, '2014-01-03', NULL, 'laptop', NULL, NULL, NULL, NULL, NULL, NULL, NULL, NULL, NULL, NULL, '16GB'),
(275, '1TN7YY1', 'Dell', 'Latitude E6540', NULL, '2014-01-03', NULL, 'laptop', NULL, NULL, NULL, NULL, NULL, NULL, NULL, NULL, NULL, NULL, '16GB'),
(276, '2WM7YY1', 'Dell', 'Latitude E6540', NULL, '2014-01-03', NULL, 'laptop', NULL, NULL, NULL, NULL, NULL, NULL, NULL, NULL, NULL, NULL, '16GB'),
(277, 'PM7YY1', 'Dell', 'Latitude E6540', NULL, '2014-01-03', NULL, 'laptop', NULL, NULL, NULL, NULL, NULL, NULL, NULL, NULL, NULL, NULL, '16GB'),
(278, '47Q7YY1', 'Dell', 'Latitude E6540', NULL, '2014-01-03', NULL, 'laptop', NULL, NULL, NULL, NULL, NULL, NULL, NULL, NULL, NULL, NULL, '16GB'),
(279, '5WM7YY1', 'Dell', 'Latitude E6540', NULL, '2014-01-03', NULL, 'laptop', NULL, NULL, NULL, NULL, NULL, NULL, NULL, NULL, NULL, NULL, '16GB'),
(280, '6HN7YY1', 'Dell', 'Latitude E6540', NULL, '2014-01-03', NULL, 'laptop', NULL, NULL, NULL, NULL, NULL, NULL, NULL, NULL, NULL, NULL, '16GB'),
(281, '8JN7YY1', 'Dell', 'Latitude E6540', NULL, '2014-01-03', NULL, 'laptop', NULL, NULL, NULL, NULL, NULL, NULL, NULL, NULL, NULL, NULL, '16GB'),
(282, '9HN7YY1', 'Dell', 'Latitude E6540', NULL, '2014-01-03', NULL, 'laptop', NULL, NULL, NULL, NULL, NULL, NULL, NULL, NULL, NULL, NULL, '16GB'),
(283, 'B4N7YY1', 'Dell', 'Latitude E6540', NULL, '2014-01-03', NULL, 'laptop', NULL, NULL, NULL, NULL, NULL, NULL, NULL, NULL, NULL, NULL, '16GB'),
(284, 'BYM7YY1', 'Dell', 'Latitude E6540', NULL, '2014-01-03', NULL, 'laptop', NULL, NULL, NULL, NULL, NULL, NULL, NULL, NULL, NULL, NULL, '16GB'),
(285, 'D2N7YY1', 'Dell', 'Latitude E6540', NULL, '2014-01-03', NULL, 'laptop', NULL, NULL, NULL, NULL, NULL, NULL, NULL, NULL, NULL, NULL, '16GB'),
(286, 'DT38YY2', 'Dell', 'Latitude E6540', NULL, '2014-01-03', NULL, 'laptop', NULL, NULL, NULL, NULL, NULL, NULL, NULL, NULL, NULL, NULL, '16GB'),
(287, 'PL28YY1', 'Dell', 'Latitude E6540', NULL, '2014-01-03', NULL, 'laptop', NULL, NULL, NULL, NULL, NULL, NULL, NULL, NULL, NULL, NULL, '16GB'),
(288, 'GHM7YY1', 'Dell', 'Latitude E6540', NULL, '2014-01-03', NULL, 'laptop', NULL, NULL, NULL, NULL, NULL, NULL, NULL, NULL, NULL, NULL, '16GB'),
(289, 'H6P7YY1', 'Dell', 'Latitude E6540', NULL, '2014-01-03', NULL, 'laptop', NULL, NULL, NULL, NULL, NULL, NULL, NULL, NULL, NULL, NULL, '16GB'),
(290, 'JHN7YY1', 'Dell', 'Latitude E6540', NULL, '2014-01-03', NULL, 'laptop', NULL, NULL, NULL, NULL, NULL, NULL, NULL, NULL, NULL, NULL, '16GB'),
(291, '1BN7YY1', 'Dell', 'Latitude E6540', NULL, '2014-01-03', NULL, 'laptop', NULL, NULL, NULL, NULL, NULL, NULL, NULL, NULL, NULL, NULL, '16GB'),
(292, '2KM7YY1', 'Dell', 'Latitude E6540', NULL, '2014-01-03', NULL, 'laptop', NULL, NULL, NULL, NULL, NULL, NULL, NULL, NULL, NULL, NULL, '16GB'),
(293, '32N7YY1', 'Dell', 'Latitude E6540', NULL, '2014-01-03', NULL, 'laptop', NULL, NULL, NULL, NULL, NULL, NULL, NULL, NULL, NULL, NULL, '16GB'),
(294, '3YM7YY1', 'Dell', 'Latitude E6540', NULL, '2014-01-03', NULL, 'laptop', NULL, NULL, NULL, NULL, NULL, NULL, NULL, NULL, NULL, NULL, '16GB'),
(295, '4QN7YY1', 'Dell', 'Latitude E6540', NULL, '2014-01-03', NULL, 'laptop', NULL, NULL, NULL, NULL, NULL, NULL, NULL, NULL, NULL, NULL, '16GB'),
(296, '69N7YY1', 'Dell', 'Latitude E6540', NULL, '2014-01-03', NULL, 'laptop', NULL, NULL, NULL, NULL, NULL, NULL, NULL, NULL, NULL, NULL, '16GB'),
(297, '88N7YY1', 'Dell', 'Latitude E6540', NULL, '2014-01-03', NULL, 'laptop', NULL, NULL, NULL, NULL, NULL, NULL, NULL, NULL, NULL, NULL, '16GB'),
(298, '8QM7YY1', 'Dell', 'Latitude E6540', NULL, '2014-01-03', NULL, 'laptop', NULL, NULL, NULL, NULL, NULL, NULL, NULL, NULL, NULL, NULL, '16GB'),
(299, '9NM7YY1', 'Dell', 'Latitude E6540', NULL, '2014-01-03', NULL, 'laptop', NULL, NULL, NULL, NULL, NULL, NULL, NULL, NULL, NULL, NULL, '16GB'),
(300, 'BPM7YY1', 'Dell', 'Latitude E6540', NULL, '2014-01-03', NULL, 'laptop', NULL, NULL, NULL, NULL, NULL, NULL, NULL, NULL, NULL, NULL, '16GB'),
(301, 'CNM7YY1', 'Dell', 'Latitude E6540', NULL, '2014-01-03', NULL, 'laptop', NULL, NULL, NULL, NULL, NULL, NULL, NULL, NULL, NULL, NULL, '16GB'),
(302, 'DDQ7YY1', 'Dell', 'Latitude E6540', NULL, '2014-01-03', NULL, 'laptop', NULL, NULL, NULL, NULL, NULL, NULL, NULL, NULL, NULL, NULL, '16GB'),
(303, 'F9N7YY1', 'Dell', 'Latitude E6540', NULL, '2014-01-03', NULL, 'laptop', NULL, NULL, NULL, NULL, NULL, NULL, NULL, NULL, NULL, NULL, '16GB'),
(304, 'FRN7YY1', 'Dell', 'Latitude E6540', NULL, '2014-01-03', NULL, 'laptop', NULL, NULL, NULL, NULL, NULL, NULL, NULL, NULL, NULL, NULL, '16GB'),
(305, 'H4Y7YY1', 'Dell', 'Latitude E6540', NULL, '2014-01-03', NULL, 'laptop', NULL, NULL, NULL, NULL, NULL, NULL, NULL, NULL, NULL, NULL, '16GB'),
(306, 'HJN7YY1', 'Dell', 'Latitude E6540', NULL, '2014-01-03', NULL, 'laptop', NULL, NULL, NULL, NULL, NULL, NULL, NULL, NULL, NULL, NULL, '16GB'),
(307, 'JPM7YY1', 'Dell', 'Latitude E6540', NULL, '2014-01-03', NULL, 'laptop', NULL, NULL, NULL, NULL, NULL, NULL, NULL, NULL, NULL, NULL, '16GB'),
(308, '1PN7YY1', 'Dell', 'Latitude E6540', NULL, '2014-01-03', NULL, 'laptop', NULL, NULL, NULL, NULL, NULL, NULL, NULL, NULL, NULL, NULL, '16GB'),
(309, '2VN7YY1', 'Dell', 'Latitude E6540', NULL, '2014-01-03', NULL, 'laptop', NULL, NULL, NULL, NULL, NULL, NULL, NULL, NULL, NULL, NULL, '16GB'),
(310, '34N7YY1', 'Dell', 'Latitude E6540', NULL, '2014-01-03', NULL, 'laptop', NULL, NULL, NULL, NULL, NULL, NULL, NULL, NULL, NULL, NULL, '16GB'),
(311, '40P7YYI', 'Dell', 'Latitude E6540', NULL, '2014-01-03', NULL, 'laptop', NULL, NULL, NULL, NULL, NULL, NULL, NULL, NULL, NULL, NULL, '16GB'),
(312, '5NM7YY1', 'Dell', 'Latitude E6540', NULL, '2014-01-03', NULL, 'laptop', NULL, NULL, NULL, NULL, NULL, NULL, NULL, NULL, NULL, NULL, '16GB'),
(313, '6F28YY1', 'Dell', 'Latitude E6540', NULL, '2014-01-03', NULL, 'laptop', NULL, NULL, NULL, NULL, NULL, NULL, NULL, NULL, NULL, NULL, '16GB'),
(314, '8BN7YY1', 'Dell', 'Latitude E6540', NULL, '2014-01-03', NULL, 'laptop', NULL, NULL, NULL, NULL, NULL, NULL, NULL, NULL, NULL, NULL, '16GB'),
(315, '8RN7YY1', 'Dell', 'Latitude E6540', NULL, '2014-01-03', NULL, 'laptop', NULL, NULL, NULL, NULL, NULL, NULL, NULL, NULL, NULL, NULL, '16GB'),
(316, '9QM7YY1', 'Dell', 'Latitude E6540', NULL, '2014-01-03', NULL, 'laptop', NULL, NULL, NULL, NULL, NULL, NULL, NULL, NULL, NULL, NULL, '16GB'),
(317, 'BXM7YY1', 'Dell', 'Latitude E6540', NULL, '2014-01-03', NULL, 'laptop', NULL, NULL, NULL, NULL, NULL, NULL, NULL, NULL, NULL, NULL, '16GB'),
(318, 'CSN7YY1', 'Dell', 'Latitude E6540', NULL, '2014-01-03', NULL, 'laptop', NULL, NULL, NULL, NULL, NULL, NULL, NULL, NULL, NULL, NULL, '16GB'),
(319, 'DNN7YY1', 'Dell', 'Latitude E6540', NULL, '2014-01-03', NULL, 'laptop', NULL, NULL, NULL, NULL, NULL, NULL, NULL, NULL, NULL, NULL, '16GB'),
(320, 'FGN7YY1', 'Dell', 'Latitude E6540', NULL, '2014-01-03', NULL, 'laptop', NULL, NULL, NULL, NULL, NULL, NULL, NULL, NULL, NULL, NULL, '16GB'),
(321, 'G4N7YY1', 'Dell', 'Latitude E6540', NULL, '2014-01-03', NULL, 'laptop', NULL, NULL, NULL, NULL, NULL, NULL, NULL, NULL, NULL, NULL, '16GB'),
(322, 'H5Q7YY1', 'Dell', 'Latitude E6540', NULL, '2014-01-03', NULL, 'laptop', NULL, NULL, NULL, NULL, NULL, NULL, NULL, NULL, NULL, NULL, '16GB'),
(323, 'J8N7YY1', 'Dell', 'Latitude E6540', NULL, '2014-01-03', NULL, 'laptop', NULL, NULL, NULL, NULL, NULL, NULL, NULL, NULL, NULL, NULL, '16GB'),
(324, '3PM7YY1', 'Dell', 'Latitude E6540', NULL, '2014-01-03', NULL, 'laptop', NULL, NULL, NULL, NULL, NULL, NULL, NULL, NULL, NULL, NULL, '16GB'),
(325, 'FL28YY1', 'Dell', 'Latitude E6540', NULL, '2014-01-03', NULL, 'laptop', NULL, NULL, NULL, NULL, NULL, NULL, NULL, NULL, NULL, NULL, '16GB'),
(712, '1S2522D65R87LXP0', 'Lenovo', 'T410 THINKPAD NOTE BOOK', NULL, '2010-10-20', NULL, 'laptop', NULL, NULL, NULL, NULL, NULL, NULL, NULL, NULL, NULL, NULL, '8 GB'),
(713, '1S2522D65R87LXR0', 'Lenovo', 'T410 THINKPAD NOTE BOOK', NULL, '2010-10-20', NULL, 'laptop', NULL, NULL, NULL, NULL, NULL, NULL, NULL, NULL, NULL, NULL, '8 GB'),
(714, '1S2522D65R87LXT6', 'Lenovo', 'T410 THINKPAD NOTE BOOK', NULL, '2010-10-20', NULL, 'laptop', NULL, NULL, NULL, NULL, NULL, NULL, NULL, NULL, NULL, NULL, '8 GB'),
(715, '1S2522D65R87LXL5', 'Lenovo', 'T410 THINKPAD NOTE BOOK', NULL, '2010-10-20', NULL, 'laptop', NULL, NULL, NULL, NULL, NULL, NULL, NULL, NULL, NULL, NULL, '8 GB'),
(716, '1S2522D65R87LXM0', 'Lenovo', 'T410 THINKPAD NOTE BOOK', NULL, '2010-10-20', NULL, 'laptop', NULL, NULL, NULL, NULL, NULL, NULL, NULL, NULL, NULL, NULL, '8 GB'),
(717, '1S2522D65R87LXR7', 'Lenovo', 'T410 THINKPAD NOTE BOOK', NULL, '2010-10-20', NULL, 'laptop', NULL, NULL, NULL, NULL, NULL, NULL, NULL, NULL, NULL, NULL, '8 GB'),
(718, '1S2522D65R87LXN5', 'Lenovo', 'T410 THINKPAD NOTE BOOK', NULL, '2010-10-20', NULL, 'laptop', NULL, NULL, NULL, NULL, NULL, NULL, NULL, NULL, NULL, NULL, '8 GB'),
(719, '1S2522D65R87LXR3', 'Lenovo', 'T410 THINKPAD NOTE BOOK', NULL, '2010-10-20', NULL, 'laptop', NULL, NULL, NULL, NULL, NULL, NULL, NULL, NULL, NULL, NULL, '8 GB'),
(720, '1S2522D65R87LXR5', 'Lenovo', 'T410 THINKPAD NOTE BOOK', NULL, '2010-10-20', NULL, 'laptop', NULL, NULL, NULL, NULL, NULL, NULL, NULL, NULL, NULL, NULL, '8 GB'),
(721, '1S2522D65R87LXT5', 'Lenovo', 'T410 THINKPAD NOTE BOOK', NULL, '2010-10-20', NULL, 'laptop', NULL, NULL, NULL, NULL, NULL, NULL, NULL, NULL, NULL, NULL, '8 GB'),
(722, 'R83FVYE', 'Lenovo', 'T410 THINKPAD NOTE BOOK', NULL, '2010-10-20', NULL, 'laptop', NULL, NULL, NULL, NULL, NULL, NULL, NULL, NULL, NULL, NULL, '8GB'),
(723, '1S4242BR5R9H59X5', 'Lenovo', 'T520 THINKPAD NOTE BOOK', NULL, '2011-09-27', NULL, 'laptop', NULL, NULL, NULL, NULL, NULL, NULL, NULL, NULL, NULL, NULL, '8 GB'),
(724, '1S4242BR5R9H59X2', 'Lenovo', 'T520 THINKPAD NOTE BOOK', NULL, '2011-09-27', NULL, 'laptop', NULL, NULL, NULL, NULL, NULL, NULL, NULL, NULL, NULL, NULL, '8 GB'),
(725, '1S4242BR5R9H59X1', 'Lenovo', 'T520 THINKPAD NOTE BOOK', NULL, '2011-09-27', NULL, 'laptop', NULL, NULL, NULL, NULL, NULL, NULL, NULL, NULL, NULL, NULL, '8 GB'),
(726, '1S4242BR5R9H59X0', 'Lenovo', 'T520 THINKPAD NOTE BOOK', NULL, '2011-09-27', NULL, 'laptop', NULL, NULL, NULL, NULL, NULL, NULL, NULL, NULL, NULL, NULL, '8 GB'),
(727, '1S4242BR5R9H59X6', 'Lenovo', 'T520 THINKPAD NOTE BOOK', NULL, '2011-09-27', NULL, 'laptop', NULL, NULL, NULL, NULL, NULL, NULL, NULL, NULL, NULL, NULL, '8 GB'),
(728, '1S4242BR5R9H59X7', 'Lenovo', 'T520 THINKPAD NOTE BOOK', NULL, '2011-09-27', NULL, 'laptop', NULL, NULL, NULL, NULL, NULL, NULL, NULL, NULL, NULL, NULL, '8 GB'),
(729, '1S4242BR5R9H59X4', 'Lenovo', 'T520 THINKPAD NOTE BOOK', NULL, '2011-09-27', NULL, 'laptop', NULL, NULL, NULL, NULL, NULL, NULL, NULL, NULL, NULL, NULL, '8 GB'),
(730, '1S4242BR5R9H59X3', 'Lenovo', 'T520 THINKPAD NOTE BOOK', NULL, '2011-09-27', NULL, 'laptop', NULL, NULL, NULL, NULL, NULL, NULL, NULL, NULL, NULL, NULL, 'Stand by'),
(731, '1S4242P32R9HCE9F', 'Lenovo', 'T520 THINKPAD NOTE BOOK', NULL, '2011-09-27', NULL, 'laptop', NULL, NULL, NULL, NULL, NULL, NULL, NULL, NULL, NULL, NULL, '8   GB'),
(732, '1S4242P32R9HCE8Z', 'Lenovo', 'T520 THINKPAD NOTE BOOK', NULL, '2011-09-27', NULL, 'laptop', NULL, NULL, NULL, NULL, NULL, NULL, NULL, NULL, NULL, NULL, '8   GB'),
(733, '1S4242P32R9HCE89', 'Lenovo', 'T520 THINKPAD NOTE BOOK', NULL, '2011-09-27', NULL, 'laptop', NULL, NULL, NULL, NULL, NULL, NULL, NULL, NULL, NULL, NULL, '8   GB'),
(734, '1S4242P32R9HCE8W', 'Lenovo', 'T520 THINKPAD NOTE BOOK', NULL, '2011-09-27', NULL, 'laptop', NULL, NULL, NULL, NULL, NULL, NULL, NULL, NULL, NULL, NULL, '8   GB'),
(735, '1S4242P32R9HCE8B', 'Lenovo', 'T520 THINKPAD NOTE BOOK', NULL, '2011-09-27', NULL, 'laptop', NULL, NULL, NULL, NULL, NULL, NULL, NULL, NULL, NULL, NULL, '8   GB'),
(736, '1S4242P32R9HCE8P', 'Lenovo', 'T520 THINKPAD NOTE BOOK', NULL, '2011-09-27', NULL, 'laptop', NULL, NULL, NULL, NULL, NULL, NULL, NULL, NULL, NULL, NULL, '8   GB'),
(737, '1S4242P32R9HCE9H', 'Lenovo', 'T520 THINKPAD NOTE BOOK', NULL, '2011-09-27', NULL, 'laptop', NULL, NULL, NULL, NULL, NULL, NULL, NULL, NULL, NULL, NULL, '8   GB'),
(738, '1S4242P32R9HCE9G', 'Lenovo', 'T520 THINKPAD NOTE BOOK', NULL, '2011-09-27', NULL, 'laptop', NULL, NULL, NULL, NULL, NULL, NULL, NULL, NULL, NULL, NULL, '8   GB'),
(739, '1S4242P32R9HCE9Y', 'Lenovo', 'T520 THINKPAD NOTE BOOK', NULL, '2011-09-27', NULL, 'laptop', NULL, NULL, NULL, NULL, NULL, NULL, NULL, NULL, NULL, NULL, '8   GB'),
(740, '1S4242P32R9HCE90', 'Lenovo', 'T520 THINKPAD NOTE BOOK', NULL, '2011-09-27', NULL, 'laptop', NULL, NULL, NULL, NULL, NULL, NULL, NULL, NULL, NULL, NULL, '8   GB'),
(741, '1S4242P32R9HCE8C', 'Lenovo', 'T520 THINKPAD NOTE BOOK', NULL, '2011-09-27', NULL, 'laptop', NULL, NULL, NULL, NULL, NULL, NULL, NULL, NULL, NULL, NULL, '8   GB'),
(742, '1S4242P32R9HCE8H', 'Lenovo', 'T520 THINKPAD NOTE BOOK', NULL, '2011-09-27', NULL, 'laptop', NULL, NULL, NULL, NULL, NULL, NULL, NULL, NULL, NULL, NULL, 'Return'),
(743, '1S4242P32R9HCE9V', 'Lenovo', 'T520 THINKPAD NOTE BOOK', NULL, '2011-09-27', NULL, 'laptop', NULL, NULL, NULL, NULL, NULL, NULL, NULL, NULL, NULL, NULL, '8   GB'),
(744, '1S4242P32R9HCE88', 'Lenovo', 'T520 THINKPAD NOTE BOOK', NULL, '2011-09-27', NULL, 'laptop', NULL, NULL, NULL, NULL, NULL, NULL, NULL, NULL, NULL, NULL, '8   GB'),
(745, '1S4242P32R9HCE8T', 'Lenovo', 'T520 THINKPAD NOTE BOOK', NULL, '2011-09-27', NULL, 'laptop', NULL, NULL, NULL, NULL, NULL, NULL, NULL, NULL, NULL, NULL, '8   GB'),
(746, '1S4242P32R9HCE86', 'Lenovo', 'T520 THINKPAD NOTE BOOK', NULL, '2011-09-27', NULL, 'laptop', NULL, NULL, NULL, NULL, NULL, NULL, NULL, NULL, NULL, NULL, '8   GB'),
(747, '1S4242P32R9HCE95', 'Lenovo', 'T520 THINKPAD NOTE BOOK', NULL, '2011-09-27', NULL, 'laptop', NULL, NULL, NULL, NULL, NULL, NULL, NULL, NULL, NULL, NULL, '8   GB'),
(748, '1S4242P32R9HCE9Z', 'Lenovo', 'T520 THINKPAD NOTE BOOK', NULL, '2011-09-27', NULL, 'laptop', NULL, NULL, NULL, NULL, NULL, NULL, NULL, NULL, NULL, NULL, '8   GB'),
(749, '1S4242P32R9HCE8Y', 'Lenovo', 'T520 THINKPAD NOTE BOOK', NULL, '2011-09-27', NULL, 'laptop', NULL, NULL, NULL, NULL, NULL, NULL, NULL, NULL, NULL, NULL, '8   GB'),
(750, '1S4242P32R9HCE9W', 'Lenovo', 'T520 THINKPAD NOTE BOOK', NULL, '2011-09-27', NULL, 'laptop', NULL, NULL, NULL, NULL, NULL, NULL, NULL, NULL, NULL, NULL, '8   GB'),
(751, '1S4242P32R9HCE8R', 'Lenovo', 'T520 THINKPAD NOTE BOOK', NULL, '2011-09-27', NULL, 'laptop', NULL, NULL, NULL, NULL, NULL, NULL, NULL, NULL, NULL, NULL, '8   GB'),
(752, '1S4242P32R9HCE8E', 'Lenovo', 'T520 THINKPAD NOTE BOOK', NULL, '2011-09-27', NULL, 'laptop', NULL, NULL, NULL, NULL, NULL, NULL, NULL, NULL, NULL, NULL, '8   GB'),
(753, '1S4242P32R9HCE8V', 'Lenovo', 'T520 THINKPAD NOTE BOOK', NULL, '2011-09-27', NULL, 'laptop', NULL, NULL, NULL, NULL, NULL, NULL, NULL, NULL, NULL, NULL, '8   GB'),
(754, '1S4242P32R9HCE8L', 'Lenovo', 'T520 THINKPAD NOTE BOOK', NULL, '2011-09-27', NULL, 'laptop', NULL, NULL, NULL, NULL, NULL, NULL, NULL, NULL, NULL, NULL, '8   GB'),
(755, '1S4242P32R9HCE92', 'Lenovo', 'T520 THINKPAD NOTE BOOK', NULL, '2011-09-27', NULL, 'laptop', NULL, NULL, NULL, NULL, NULL, NULL, NULL, NULL, NULL, NULL, '8   GB'),
(756, '1S4242P32R9HCE8G', 'Lenovo', 'T520 THINKPAD NOTE BOOK', NULL, '2011-09-27', NULL, 'laptop', NULL, NULL, NULL, NULL, NULL, NULL, NULL, NULL, NULL, NULL, '8   GB'),
(757, '1S4242P32R9HCE9M', 'Lenovo', 'T520 THINKPAD NOTE BOOK', NULL, '2011-09-27', NULL, 'laptop', NULL, NULL, NULL, NULL, NULL, NULL, NULL, NULL, NULL, NULL, '8   GB'),
(758, '1S4242P32R9HCE9X', 'Lenovo', 'T520 THINKPAD NOTE BOOK', NULL, '2011-09-27', NULL, 'laptop', NULL, NULL, NULL, NULL, NULL, NULL, NULL, NULL, NULL, NULL, '8   GB'),
(759, '1S4242P32R9HCE8D', 'Lenovo', 'T520 THINKPAD NOTE BOOK', NULL, '2011-09-27', NULL, 'laptop', NULL, NULL, NULL, NULL, NULL, NULL, NULL, NULL, NULL, NULL, '8   GB'),
(760, '1S4242P32R9HCE8K', 'Lenovo', 'T520 THINKPAD NOTE BOOK', NULL, '2011-09-27', NULL, 'laptop', NULL, NULL, NULL, NULL, NULL, NULL, NULL, NULL, NULL, NULL, 'Return'),
(761, '1S4242P32R9HCE96', 'Lenovo', 'T520 THINKPAD NOTE BOOK', NULL, '2011-09-27', NULL, 'laptop', NULL, NULL, NULL, NULL, NULL, NULL, NULL, NULL, NULL, NULL, '8   GB'),
(762, '1S4242P32R9HCE9K', 'Lenovo', 'T520 THINKPAD NOTE BOOK', NULL, '2011-09-27', NULL, 'laptop', NULL, NULL, NULL, NULL, NULL, NULL, NULL, NULL, NULL, NULL, '8   GB'),
(763, '1S4242P3R9HCE93', 'Lenovo', 'T520 THINKPAD NOTE BOOK', NULL, '2011-12-16', NULL, 'laptop', NULL, NULL, NULL, NULL, NULL, NULL, NULL, NULL, NULL, NULL, '8   GB'),
(764, '1S4242P3R9HCE8N', 'Lenovo', 'T520 THINKPAD NOTE BOOK', NULL, '2011-12-16', NULL, 'laptop', NULL, NULL, NULL, NULL, NULL, NULL, NULL, NULL, NULL, NULL, '8   GB'),
(765, '1S4242P3R9HCEA0', 'Lenovo', 'T520 THINKPAD NOTE BOOK', NULL, '2011-12-16', NULL, 'laptop', NULL, NULL, NULL, NULL, NULL, NULL, NULL, NULL, NULL, NULL, 'Return'),
(766, '1S4242P3R9HCE9C', 'Lenovo', 'T520 THINKPAD NOTE BOOK', NULL, '2011-12-16', NULL, 'laptop', NULL, NULL, NULL, NULL, NULL, NULL, NULL, NULL, NULL, NULL, '8   GB'),
(767, '1S4242P3R9HCE9L', 'Lenovo', 'T520 THINKPAD NOTE BOOK', NULL, '2011-12-16', NULL, 'laptop', NULL, NULL, NULL, NULL, NULL, NULL, NULL, NULL, NULL, NULL, '8   GB'),
(768, '1S4242P3R9HCE9E', 'Lenovo', 'T520 THINKPAD NOTE BOOK', NULL, '2011-12-16', NULL, 'laptop', NULL, NULL, NULL, NULL, NULL, NULL, NULL, NULL, NULL, NULL, '8   GB'),
(769, '1S4242P3R9HCE91', 'Lenovo', 'T520 THINKPAD NOTE BOOK', NULL, '2011-12-16', NULL, 'laptop', NULL, NULL, NULL, NULL, NULL, NULL, NULL, NULL, NULL, NULL, '8   GB'),
(770, '1S4242P3R9HCE8X', 'Lenovo', 'T520 THINKPAD NOTE BOOK', NULL, '2011-12-16', NULL, 'laptop', NULL, NULL, NULL, NULL, NULL, NULL, NULL, NULL, NULL, NULL, '8   GB'),
(771, '1S4242P3R9HCE9T', 'Lenovo', 'T520 THINKPAD NOTE BOOK', NULL, '2011-12-16', NULL, 'laptop', NULL, NULL, NULL, NULL, NULL, NULL, NULL, NULL, NULL, NULL, '8   GB'),
(772, '1S4242P3R9HCE87', 'Lenovo', 'T520 THINKPAD NOTE BOOK', NULL, '2011-12-16', NULL, 'laptop', NULL, NULL, NULL, NULL, NULL, NULL, NULL, NULL, NULL, NULL, '8   GB'),
(773, '1S4242P32R9CHE9R', 'Lenovo', 'T520 THINKPAD NOTE BOOK', NULL, '2012-01-19', NULL, 'laptop', NULL, NULL, NULL, NULL, NULL, NULL, NULL, NULL, NULL, NULL, '8   GB'),
(774, '1S4242P32R9CHE9N', 'Lenovo', 'T520 THINKPAD NOTE BOOK', NULL, '2012-01-19', NULL, 'laptop', NULL, NULL, NULL, NULL, NULL, NULL, NULL, NULL, NULL, NULL, '8   GB'),
(775, '1S4242P32R9E7AWA', 'Lenovo', 'T520 THINKPAD NOTE BOOK', NULL, '2011-06-30', NULL, 'laptop', NULL, NULL, NULL, NULL, NULL, NULL, NULL, NULL, NULL, NULL, '8   GB'),
(776, '1S4242P32R9E7AW8', 'Lenovo', 'T520 THINKPAD NOTE BOOK', NULL, '2011-06-30', NULL, 'laptop', NULL, NULL, NULL, NULL, NULL, NULL, NULL, NULL, NULL, NULL, '8   GB'),
(777, '1S4242P32R9E7AW4', 'Lenovo', 'T520 THINKPAD NOTE BOOK', NULL, '2011-06-30', NULL, 'laptop', NULL, NULL, NULL, NULL, NULL, NULL, NULL, NULL, NULL, NULL, '8   GB'),
(778, '1S4242P32R9E7AW3', 'Lenovo', 'T520 THINKPAD NOTE BOOK', NULL, '2011-06-30', NULL, 'laptop', NULL, NULL, NULL, NULL, NULL, NULL, NULL, NULL, NULL, NULL, '8   GB'),
(779, '1S4242P32R9E7AWB', 'Lenovo', 'T520 THINKPAD NOTE BOOK', NULL, '2011-06-30', NULL, 'laptop', NULL, NULL, NULL, NULL, NULL, NULL, NULL, NULL, NULL, NULL, '8   GB'),
(780, '1S4242P32R9E7AWC', 'Lenovo', 'T520 THINKPAD NOTE BOOK', NULL, '2011-06-30', NULL, 'laptop', NULL, NULL, NULL, NULL, NULL, NULL, NULL, NULL, NULL, NULL, '8   GB'),
(781, '1S4242P32R9E7AWD', 'Lenovo', 'T520 THINKPAD NOTE BOOK', NULL, '2011-06-30', NULL, 'laptop', NULL, NULL, NULL, NULL, NULL, NULL, NULL, NULL, NULL, NULL, '8   GB'),
(782, '1S4242P32R9CHE9N', 'Lenovo', 'T520 THINKPAD NOTE BOOK', NULL, '2011-06-30', NULL, 'laptop', NULL, NULL, NULL, NULL, NULL, NULL, NULL, NULL, NULL, NULL, '8   GB'),
(783, '1S4242P32R9E7AW9', 'Lenovo', 'T520 THINKPAD NOTE BOOK', NULL, '2011-06-30', NULL, 'laptop', NULL, NULL, NULL, NULL, NULL, NULL, NULL, NULL, NULL, NULL, '8   GB'),
(784, '1S4242P32R9E7AW6', 'Lenovo', 'T520 THINKPAD NOTE BOOK', NULL, '2011-06-30', NULL, 'laptop', NULL, NULL, NULL, NULL, NULL, NULL, NULL, NULL, NULL, NULL, '8   GB'),
(785, '1S4242P32R9E7AW5', 'Lenovo', 'T520 THINKPAD NOTE BOOK', NULL, '2011-06-30', NULL, 'laptop', NULL, NULL, NULL, NULL, NULL, NULL, NULL, NULL, NULL, NULL, '8   GB'),
(786, '1S4242P32R9E7AW7', 'Lenovo', 'T520 THINKPAD NOTE BOOK', NULL, '2011-06-30', NULL, 'laptop', NULL, NULL, NULL, NULL, NULL, NULL, NULL, NULL, NULL, NULL, '8   GB'),
(787, 'R9-DXLKN', 'Lenovo', 'T520 THINKPAD NOTE BOOK', NULL, '2011-06-30', NULL, 'laptop', NULL, NULL, NULL, NULL, NULL, NULL, NULL, NULL, NULL, NULL, '4 GB'),
(788, 'R9-HCE9H', 'Lenovo', 'T520 THINKPAD NOTE BOOK', NULL, '2011-06-30', NULL, 'laptop', NULL, NULL, NULL, NULL, NULL, NULL, NULL, NULL, NULL, NULL, '8  GB'),
(789, 'R9-DXLKM', 'Lenovo', 'T520 THINKPAD NOTE BOOK', NULL, '2011-06-30', NULL, 'laptop', NULL, NULL, NULL, NULL, NULL, NULL, NULL, NULL, NULL, NULL, '8  GB'),
(790, '1S2394EL 9R9WBM3B', 'Lenovo', 'T530 THINKPAD NOTE BOOK', NULL, '2013-01-10', NULL, 'laptop', NULL, NULL, NULL, NULL, NULL, NULL, NULL, NULL, NULL, NULL, '8 GB'),
(791, '1S2394EL 9R9WBM3C', 'Lenovo', 'T530 THINKPAD NOTE BOOK', NULL, '2013-01-10', NULL, 'laptop', NULL, NULL, NULL, NULL, NULL, NULL, NULL, NULL, NULL, NULL, '8 GB'),
(792, '1S2394EL 9R9WBM3D', 'Lenovo', 'T530 THINKPAD NOTE BOOK', NULL, '2013-01-10', NULL, 'laptop', NULL, NULL, NULL, NULL, NULL, NULL, NULL, NULL, NULL, NULL, '8 GB'),
(793, '1S2394EL 9R9WBM3E', 'Lenovo', 'T530 THINKPAD NOTE BOOK', NULL, '2013-01-10', NULL, 'laptop', NULL, NULL, NULL, NULL, NULL, NULL, NULL, NULL, NULL, NULL, '8 GB'),
(794, '1S2394EL 9R9WBM3F', 'Lenovo', 'T530 THINKPAD NOTE BOOK', NULL, '2013-01-10', NULL, 'laptop', NULL, NULL, NULL, NULL, NULL, NULL, NULL, NULL, NULL, NULL, '8 GB'),
(795, '1S2394EL 9R9WBM3G', 'Lenovo', 'T530 THINKPAD NOTE BOOK', NULL, '2013-01-10', NULL, 'laptop', NULL, NULL, NULL, NULL, NULL, NULL, NULL, NULL, NULL, NULL, '8 GB'),
(796, '1S2394EL 9R9WBM3H', 'Lenovo', 'T530 THINKPAD NOTE BOOK', NULL, '2013-01-10', NULL, 'laptop', NULL, NULL, NULL, NULL, NULL, NULL, NULL, NULL, NULL, NULL, '8 GB'),
(797, '1S2394EL 9R9WBM3K', 'Lenovo', 'T530 THINKPAD NOTE BOOK', NULL, '2013-01-10', NULL, 'laptop', NULL, NULL, NULL, NULL, NULL, NULL, NULL, NULL, NULL, NULL, '8 GB'),
(798, '1S2394EL 9R9WBM3L', 'Lenovo', 'T530 THINKPAD NOTE BOOK', NULL, '2013-01-10', NULL, 'laptop', NULL, NULL, NULL, NULL, NULL, NULL, NULL, NULL, NULL, NULL, '8 GB'),
(799, '1S2394EL 9R9WBM3M', 'Lenovo', 'T530 THINKPAD NOTE BOOK', NULL, '2013-01-10', NULL, 'laptop', NULL, NULL, NULL, NULL, NULL, NULL, NULL, NULL, NULL, NULL, '8 GB'),
(800, '1S2394EL 9R9WBM3N', 'Lenovo', 'T530 THINKPAD NOTE BOOK', NULL, '2013-01-10', NULL, 'laptop', NULL, NULL, NULL, NULL, NULL, NULL, NULL, NULL, NULL, NULL, '8GB'),
(801, '1S2394EL 9R9WBM3P', 'Lenovo', 'T530 THINKPAD NOTE BOOK', NULL, '2013-01-10', NULL, 'laptop', NULL, NULL, NULL, NULL, NULL, NULL, NULL, NULL, NULL, NULL, '8 GB'),
(802, '1S2394EL 9R9WBM3R', 'Lenovo', 'T530 THINKPAD NOTE BOOK', NULL, '2013-01-10', NULL, 'laptop', NULL, NULL, NULL, NULL, NULL, NULL, NULL, NULL, NULL, NULL, '8 GB'),
(803, '1S2394EL 9R9WBM3T', 'Lenovo', 'T530 THINKPAD NOTE BOOK', NULL, '2013-01-10', NULL, 'laptop', NULL, NULL, NULL, NULL, NULL, NULL, NULL, NULL, NULL, NULL, '8 GB'),
(804, '1S2394EL 9R9WBM3V', 'Lenovo', 'T530 THINKPAD NOTE BOOK', NULL, '2013-01-10', NULL, 'laptop', NULL, NULL, NULL, NULL, NULL, NULL, NULL, NULL, NULL, NULL, '8 GB'),
(805, '1S2394EL 9R9WBM3W', 'Lenovo', 'T530 THINKPAD NOTE BOOK', NULL, '2013-01-10', NULL, 'laptop', NULL, NULL, NULL, NULL, NULL, NULL, NULL, NULL, NULL, NULL, '8 GB'),
(806, '1S2394EL 9R9WBM3X', 'Lenovo', 'T530 THINKPAD NOTE BOOK', NULL, '2013-01-10', NULL, 'laptop', NULL, NULL, NULL, NULL, NULL, NULL, NULL, NULL, NULL, NULL, '8 GB'),
(807, '1S2394EL 9R9WBM3Y', 'Lenovo', 'T530 THINKPAD NOTE BOOK', NULL, '2013-01-10', NULL, 'laptop', NULL, NULL, NULL, NULL, NULL, NULL, NULL, NULL, NULL, NULL, '8 GB'),
(808, '1S2394EL 9R9WBM3Z', 'Lenovo', 'T530 THINKPAD NOTE BOOK', NULL, '2013-01-10', NULL, 'laptop', NULL, NULL, NULL, NULL, NULL, NULL, NULL, NULL, NULL, NULL, '8 GB'),
(809, '1S2394EL 9R9WBM40', 'Lenovo', 'T530 THINKPAD NOTE BOOK', NULL, '2013-01-10', NULL, 'laptop', NULL, NULL, NULL, NULL, NULL, NULL, NULL, NULL, NULL, NULL, '8 GB'),
(810, '1S2394EL 9R9WBM41', 'Lenovo', 'T530 THINKPAD NOTE BOOK', NULL, '2013-01-10', NULL, 'laptop', NULL, NULL, NULL, NULL, NULL, NULL, NULL, NULL, NULL, NULL, '8 GB'),
(811, '1S2394EL 9R9WBM42', 'Lenovo', 'T530 THINKPAD NOTE BOOK', NULL, '2013-01-10', NULL, 'laptop', NULL, NULL, NULL, NULL, NULL, NULL, NULL, NULL, NULL, NULL, '8 GB'),
(812, '1S2394EL 9R9WBM43', 'Lenovo', 'T530 THINKPAD NOTE BOOK', NULL, '2013-01-10', NULL, 'laptop', NULL, NULL, NULL, NULL, NULL, NULL, NULL, NULL, NULL, NULL, '8 GB'),
(813, '1S2394EL 9R9WBM44', 'Lenovo', 'T530 THINKPAD NOTE BOOK', NULL, '2013-01-10', NULL, 'laptop', NULL, NULL, NULL, NULL, NULL, NULL, NULL, NULL, NULL, NULL, '8 GB'),
(814, '1S2394EL 9R9WBM45', 'Lenovo', 'T530 THINKPAD NOTE BOOK', NULL, '2013-01-10', NULL, 'laptop', NULL, NULL, NULL, NULL, NULL, NULL, NULL, NULL, NULL, NULL, '8 GB'),
(815, '1S2394EL 9R9WBM46', 'Lenovo', 'T530 THINKPAD NOTE BOOK', NULL, '2013-01-10', NULL, 'laptop', NULL, NULL, NULL, NULL, NULL, NULL, NULL, NULL, NULL, NULL, '8 GB'),
(816, '1S2394EL 9R9WBM47', 'Lenovo', 'T530 THINKPAD NOTE BOOK', NULL, '2013-01-10', NULL, 'laptop', NULL, NULL, NULL, NULL, NULL, NULL, NULL, NULL, NULL, NULL, '8 GB'),
(817, '1S2394EL 9R9WBM48', 'Lenovo', 'T530 THINKPAD NOTE BOOK', NULL, '2013-01-10', NULL, 'laptop', NULL, NULL, NULL, NULL, NULL, NULL, NULL, NULL, NULL, NULL, '8 GB'),
(818, '1S2394EL 9R9WBM49', 'Lenovo', 'T530 THINKPAD NOTE BOOK', NULL, '2013-01-10', NULL, 'laptop', NULL, NULL, NULL, NULL, NULL, NULL, NULL, NULL, NULL, NULL, '8 GB'),
(819, '1S2394EL9R9WBM4A', 'Lenovo', 'T530 THINKPAD NOTE BOOK', NULL, '2013-01-10', NULL, 'laptop', NULL, NULL, NULL, NULL, NULL, NULL, NULL, NULL, NULL, NULL, '8 GB'),
(820, '1S2394EL9R9WBM4B', 'Lenovo', 'T530 THINKPAD NOTE BOOK', NULL, '2013-01-10', NULL, 'laptop', NULL, NULL, NULL, NULL, NULL, NULL, NULL, NULL, NULL, NULL, '8 GB'),
(821, '1S2394EL9R9WBM4C', 'Lenovo', 'T530 THINKPAD NOTE BOOK', NULL, '2013-01-10', NULL, 'laptop', NULL, NULL, NULL, NULL, NULL, NULL, NULL, NULL, NULL, NULL, '8 GB'),
(822, '1S2394EL9R9WBM4D', 'Lenovo', 'T530 THINKPAD NOTE BOOK', NULL, '2013-01-10', NULL, 'laptop', NULL, NULL, NULL, NULL, NULL, NULL, NULL, NULL, NULL, NULL, '8 GB'),
(823, '1S2394EL9R9WBM4E', 'Lenovo', 'T530 THINKPAD NOTE BOOK', NULL, '2013-01-10', NULL, 'laptop', NULL, NULL, NULL, NULL, NULL, NULL, NULL, NULL, NULL, NULL, '8 GB'),
(824, '1S2394EL9R9WBM4F', 'Lenovo', 'T530 THINKPAD NOTE BOOK', NULL, '2013-01-10', NULL, 'laptop', NULL, NULL, NULL, NULL, NULL, NULL, NULL, NULL, NULL, NULL, '8 GB'),
(825, '1S2394EL9R9WBM4G', 'Lenovo', 'T530 THINKPAD NOTE BOOK', NULL, '2013-01-10', NULL, 'laptop', NULL, NULL, NULL, NULL, NULL, NULL, NULL, NULL, NULL, NULL, '8 GB'),
(826, '1S2394EL9R9WBM4H', 'Lenovo', 'T530 THINKPAD NOTE BOOK', NULL, '2013-01-10', NULL, 'laptop', NULL, NULL, NULL, NULL, NULL, NULL, NULL, NULL, NULL, NULL, '8 GB'),
(827, '1S2394EL9R9WBM4K', 'Lenovo', 'T530 THINKPAD NOTE BOOK', NULL, '2013-01-10', NULL, 'laptop', NULL, NULL, NULL, NULL, NULL, NULL, NULL, NULL, NULL, NULL, '8 GB'),
(828, '1S2394EL9R9WBM4L', 'Lenovo', 'T530 THINKPAD NOTE BOOK', NULL, '2013-01-10', NULL, 'laptop', NULL, NULL, NULL, NULL, NULL, NULL, NULL, NULL, NULL, NULL, '8 GB'),
(829, '1S2394EL9R9WBM4M', 'Lenovo', 'T530 THINKPAD NOTE BOOK', NULL, '2013-01-10', NULL, 'laptop', NULL, NULL, NULL, NULL, NULL, NULL, NULL, NULL, NULL, NULL, '8 GB'),
(830, '1S2394EL9R9WBM4N', 'Lenovo', 'T530 THINKPAD NOTE BOOK', NULL, '2013-01-10', NULL, 'laptop', NULL, NULL, NULL, NULL, NULL, NULL, NULL, NULL, NULL, NULL, '8 GB'),
(831, '1S2394EL9R9WBM4R', 'Lenovo', 'T530 THINKPAD NOTE BOOK', NULL, '2013-01-10', NULL, 'laptop', NULL, NULL, NULL, NULL, NULL, NULL, NULL, NULL, NULL, NULL, '8 GB'),
(832, '1S2394EL9R9WBM4T', 'Lenovo', 'T530 THINKPAD NOTE BOOK', NULL, '2013-01-10', NULL, 'laptop', NULL, NULL, NULL, NULL, NULL, NULL, NULL, NULL, NULL, NULL, '8 GB'),
(833, '1S2394EL9R9WBM4V', 'Lenovo', 'T530 THINKPAD NOTE BOOK', NULL, '2013-01-10', NULL, 'laptop', NULL, NULL, NULL, NULL, NULL, NULL, NULL, NULL, NULL, NULL, '8 GB'),
(834, '1S2394EL9R9WBM4W', 'Lenovo', 'T530 THINKPAD NOTE BOOK', NULL, '2013-01-10', NULL, 'laptop', NULL, NULL, NULL, NULL, NULL, NULL, NULL, NULL, NULL, NULL, '8 GB'),
(835, '1S2394EL9R9X46H6', 'Lenovo', 'T530 THINKPAD NOTE BOOK', NULL, '2013-06-03', NULL, 'laptop', NULL, NULL, NULL, NULL, NULL, NULL, NULL, NULL, NULL, NULL, '8 GB'),
(836, '1S2394EL9R9X46H7', 'Lenovo', 'T530 THINKPAD NOTE BOOK', NULL, '2013-06-03', NULL, 'laptop', NULL, NULL, NULL, NULL, NULL, NULL, NULL, NULL, NULL, NULL, '8 GB'),
(837, '1S2394EL9R9X46H8', 'Lenovo', 'T530 THINKPAD NOTE BOOK', NULL, '2013-06-03', NULL, 'laptop', NULL, NULL, NULL, NULL, NULL, NULL, NULL, NULL, NULL, NULL, '8 GB'),
(838, '1S2394EL9R9X46H9', 'Lenovo', 'T530 THINKPAD NOTE BOOK', NULL, '2013-06-03', NULL, 'laptop', NULL, NULL, NULL, NULL, NULL, NULL, NULL, NULL, NULL, NULL, '8 GB'),
(839, '1S2394EL9R9X46HA', 'Lenovo', 'T530 THINKPAD NOTE BOOK', NULL, '2013-06-03', NULL, 'laptop', NULL, NULL, NULL, NULL, NULL, NULL, NULL, NULL, NULL, NULL, '8 GB'),
(840, '1S2394EL9R9X46HB', 'Lenovo', 'T530 THINKPAD NOTE BOOK', NULL, '2013-06-03', NULL, 'laptop', NULL, NULL, NULL, NULL, NULL, NULL, NULL, NULL, NULL, NULL, '8 GB'),
(841, '1S2394EL9R9X46HC', 'Lenovo', 'T530 THINKPAD NOTE BOOK', NULL, '2013-06-03', NULL, 'laptop', NULL, NULL, NULL, NULL, NULL, NULL, NULL, NULL, NULL, NULL, '16GB'),
(842, '1S2394EL9R9X46HD', 'Lenovo', 'T530 THINKPAD NOTE BOOK', NULL, '2013-06-03', NULL, 'laptop', NULL, NULL, NULL, NULL, NULL, NULL, NULL, NULL, NULL, NULL, '8 GB'),
(843, '1S2394EL9R9X46HE', 'Lenovo', 'T530 THINKPAD NOTE BOOK', NULL, '2013-06-03', NULL, 'laptop', NULL, NULL, NULL, NULL, NULL, NULL, NULL, NULL, NULL, NULL, '8 GB'),
(844, '1S2394EL9R9X46HF', 'Lenovo', 'T530 THINKPAD NOTE BOOK', NULL, '2013-06-03', NULL, 'laptop', NULL, NULL, NULL, NULL, NULL, NULL, NULL, NULL, NULL, NULL, '8 GB'),
(845, '1S2394EL9R9X46HG', 'Lenovo', 'T530 THINKPAD NOTE BOOK', NULL, '2013-06-03', NULL, 'laptop', NULL, NULL, NULL, NULL, NULL, NULL, NULL, NULL, NULL, NULL, '16GB'),
(846, '1S2394EL9R9X46HH', 'Lenovo', 'T530 THINKPAD NOTE BOOK', NULL, '2013-06-03', NULL, 'laptop', NULL, NULL, NULL, NULL, NULL, NULL, NULL, NULL, NULL, NULL, '8 GB'),
(847, '1S2394EL9R9X46HK', 'Lenovo', 'T530 THINKPAD NOTE BOOK', NULL, '2013-06-03', NULL, 'laptop', NULL, NULL, NULL, NULL, NULL, NULL, NULL, NULL, NULL, NULL, '8 GB'),
(848, '1S2394EL9R9X46HL', 'Lenovo', 'T530 THINKPAD NOTE BOOK', NULL, '2013-06-03', NULL, 'laptop', NULL, NULL, NULL, NULL, NULL, NULL, NULL, NULL, NULL, NULL, '16GB'),
(849, '1S2394EL9R9X46HM', 'Lenovo', 'T530 THINKPAD NOTE BOOK', NULL, '2013-06-03', NULL, 'laptop', NULL, NULL, NULL, NULL, NULL, NULL, NULL, NULL, NULL, NULL, '16GB'),
(850, '1S2394EL9R9XPHXL', 'Lenovo', 'T530 THINKPAD NOTE BOOK', NULL, '2013-04-03', NULL, 'laptop', NULL, NULL, NULL, NULL, NULL, NULL, NULL, NULL, NULL, NULL, '8GB'),
(851, '1S2394EL9R9XPHXM', 'Lenovo', 'T530 THINKPAD NOTE BOOK', NULL, '2013-04-03', NULL, 'laptop', NULL, NULL, NULL, NULL, NULL, NULL, NULL, NULL, NULL, NULL, '8GB'),
(852, '1S2394EL9R9XPHXN', 'Lenovo', 'T530 THINKPAD NOTE BOOK', NULL, '2013-04-03', NULL, 'laptop', NULL, NULL, NULL, NULL, NULL, NULL, NULL, NULL, NULL, NULL, '8GB'),
(853, '1S2394EL9R9XPHXP', 'Lenovo', 'T530 THINKPAD NOTE BOOK', NULL, '2013-04-03', NULL, 'laptop', NULL, NULL, NULL, NULL, NULL, NULL, NULL, NULL, NULL, NULL, '8GB'),
(854, '1S2394EL9R9XPHXR', 'Lenovo', 'T530 THINKPAD NOTE BOOK', NULL, '2013-04-03', NULL, 'laptop', NULL, NULL, NULL, NULL, NULL, NULL, NULL, NULL, NULL, NULL, '8GB'),
(855, '1S2394EL9R9XPHXT', 'Lenovo', 'T530 THINKPAD NOTE BOOK', NULL, '2013-04-03', NULL, 'laptop', NULL, NULL, NULL, NULL, NULL, NULL, NULL, NULL, NULL, NULL, '8GB'),
(856, '1S2394EL9R9XPHXV', 'Lenovo', 'T530 THINKPAD NOTE BOOK', NULL, '2013-04-03', NULL, 'laptop', NULL, NULL, NULL, NULL, NULL, NULL, NULL, NULL, NULL, NULL, '8GB'),
(857, '1S2394EL9R9XPHXW', 'Lenovo', 'T530 THINKPAD NOTE BOOK', NULL, '2013-04-03', NULL, 'laptop', NULL, NULL, NULL, NULL, NULL, NULL, NULL, NULL, NULL, NULL, '8GB'),
(858, '1S2394EL9R9XPHXX', 'Lenovo', 'T530 THINKPAD NOTE BOOK', NULL, '2013-04-03', NULL, 'laptop', NULL, NULL, NULL, NULL, NULL, NULL, NULL, NULL, NULL, NULL, '8GB'),
(859, '1S2394EL9R9XPHXY', 'Lenovo', 'T530 THINKPAD NOTE BOOK', NULL, '2013-04-03', NULL, 'laptop', NULL, NULL, NULL, NULL, NULL, NULL, NULL, NULL, NULL, NULL, '8GB'),
(860, '1S2394EL9R9XPHXZ', 'Lenovo', 'T530 THINKPAD NOTE BOOK', NULL, '2013-04-03', NULL, 'laptop', NULL, NULL, NULL, NULL, NULL, NULL, NULL, NULL, NULL, NULL, '8GB'),
(861, '1S2394EL9R9XPHYO', 'Lenovo', 'T530 THINKPAD NOTE BOOK', NULL, '2013-04-03', NULL, 'laptop', NULL, NULL, NULL, NULL, NULL, NULL, NULL, NULL, NULL, NULL, '8GB'),
(862, '1S2394EL9R9XPHY1', 'Lenovo', 'T530 THINKPAD NOTE BOOK', NULL, '2013-04-03', NULL, 'laptop', NULL, NULL, NULL, NULL, NULL, NULL, NULL, NULL, NULL, NULL, '8GB'),
(863, '1S2394EL9R9XPHY2', 'Lenovo', 'T530 THINKPAD NOTE BOOK', NULL, '2013-04-03', NULL, 'laptop', NULL, NULL, NULL, NULL, NULL, NULL, NULL, NULL, NULL, NULL, '8GB'),
(864, '1S2394EL9R9XPHY3', 'Lenovo', 'T530 THINKPAD NOTE BOOK', NULL, '2013-04-03', NULL, 'laptop', NULL, NULL, NULL, NULL, NULL, NULL, NULL, NULL, NULL, NULL, '8GB'),
(865, '1S2394EL9R9XPHXE', 'Lenovo', 'T530 THINKPAD NOTE BOOK', NULL, '2013-04-03', NULL, 'laptop', NULL, NULL, NULL, NULL, NULL, NULL, NULL, NULL, NULL, NULL, '8GB'),
(866, '1S2394EL9R9XPHXF', 'Lenovo', 'T530 THINKPAD NOTE BOOK', NULL, '2013-04-03', NULL, 'laptop', NULL, NULL, NULL, NULL, NULL, NULL, NULL, NULL, NULL, NULL, '8GB'),
(867, '1S2394EL9R9XPHXG', 'Lenovo', 'T530 THINKPAD NOTE BOOK', NULL, '2013-04-03', NULL, 'laptop', NULL, NULL, NULL, NULL, NULL, NULL, NULL, NULL, NULL, NULL, '8GB'),
(868, '1S2394EL9R9XPHXH', 'Lenovo', 'T530 THINKPAD NOTE BOOK', NULL, '2013-04-03', NULL, 'laptop', NULL, NULL, NULL, NULL, NULL, NULL, NULL, NULL, NULL, NULL, '8GB'),
(869, '1S2394EL9R9XPHXK', 'Lenovo', 'T530 THINKPAD NOTE BOOK', NULL, '2013-04-03', NULL, 'laptop', NULL, NULL, NULL, NULL, NULL, NULL, NULL, NULL, NULL, NULL, '8GB'),
(870, '1S2394EL9R9YEWX3', 'Lenovo', 'T530 THINKPAD NOTE BOOK', NULL, '2013-05-15', NULL, 'laptop', NULL, NULL, NULL, NULL, NULL, NULL, NULL, NULL, NULL, NULL, ''),
(871, '1S2394EL9R9YEWX4', 'Lenovo', 'T530 THINKPAD NOTE BOOK', NULL, '2013-05-15', NULL, 'laptop', NULL, NULL, NULL, NULL, NULL, NULL, NULL, NULL, NULL, NULL, ''),
(872, '1S2394EL9R9YEWX5', 'Lenovo', 'T530 THINKPAD NOTE BOOK', NULL, '2013-05-15', NULL, 'laptop', NULL, NULL, NULL, NULL, NULL, NULL, NULL, NULL, NULL, NULL, ''),
(873, '1S2394EL9R9YEWX6', 'Lenovo', 'T530 THINKPAD NOTE BOOK', NULL, '2013-05-15', NULL, 'laptop', NULL, NULL, NULL, NULL, NULL, NULL, NULL, NULL, NULL, NULL, ''),
(874, '1S2394EL9R9YEWX7', 'Lenovo', 'T530 THINKPAD NOTE BOOK', NULL, '2013-05-15', NULL, 'laptop', NULL, NULL, NULL, NULL, NULL, NULL, NULL, NULL, NULL, NULL, ''),
(875, '1S2394EL9R9YEWX8', 'Lenovo', 'T530 THINKPAD NOTE BOOK', NULL, '2013-05-15', NULL, 'laptop', NULL, NULL, NULL, NULL, NULL, NULL, NULL, NULL, NULL, NULL, ''),
(876, '1S2394EL9R9YEWX9', 'Lenovo', 'T530 THINKPAD NOTE BOOK', NULL, '2013-05-15', NULL, 'laptop', NULL, NULL, NULL, NULL, NULL, NULL, NULL, NULL, NULL, NULL, ''),
(877, '1S2394EL9R9YEWXA', 'Lenovo', 'T530 THINKPAD NOTE BOOK', NULL, '2013-05-15', NULL, 'laptop', NULL, NULL, NULL, NULL, NULL, NULL, NULL, NULL, NULL, NULL, ''),
(878, '1S2394EL9R9YEWXB', 'Lenovo', 'T530 THINKPAD NOTE BOOK', NULL, '2013-05-15', NULL, 'laptop', NULL, NULL, NULL, NULL, NULL, NULL, NULL, NULL, NULL, NULL, ''),
(879, '1S2394EL9R9YEWXC', 'Lenovo', 'T530 THINKPAD NOTE BOOK', NULL, '2013-05-15', NULL, 'laptop', NULL, NULL, NULL, NULL, NULL, NULL, NULL, NULL, NULL, NULL, ''),
(880, '1S2394EL9R9YEWXD', 'Lenovo', 'T530 THINKPAD NOTE BOOK', NULL, '2013-05-15', NULL, 'laptop', NULL, NULL, NULL, NULL, NULL, NULL, NULL, NULL, NULL, NULL, ''),
(881, '1S2394EL9R9YEWXE', 'Lenovo', 'T530 THINKPAD NOTE BOOK', NULL, '2013-05-15', NULL, 'laptop', NULL, NULL, NULL, NULL, NULL, NULL, NULL, NULL, NULL, NULL, ''),
(882, '1S2394EL9R9YEWXF', 'Lenovo', 'T530 THINKPAD NOTE BOOK', NULL, '2013-05-15', NULL, 'laptop', NULL, NULL, NULL, NULL, NULL, NULL, NULL, NULL, NULL, NULL, ''),
(883, '1S2394EL9R9YEWXG', 'Lenovo', 'T530 THINKPAD NOTE BOOK', NULL, '2013-05-15', NULL, 'laptop', NULL, NULL, NULL, NULL, NULL, NULL, NULL, NULL, NULL, NULL, ''),
(884, '1S2394EL9R9YEWXH', 'Lenovo', 'T530 THINKPAD NOTE BOOK', NULL, '2013-05-15', NULL, 'laptop', NULL, NULL, NULL, NULL, NULL, NULL, NULL, NULL, NULL, NULL, ''),
(885, '1S2394EL9R9YEWXK', 'Lenovo', 'T530 THINKPAD NOTE BOOK', NULL, '2013-05-15', NULL, 'laptop', NULL, NULL, NULL, NULL, NULL, NULL, NULL, NULL, NULL, NULL, ''),
(886, '1S2394EL9R9YEWXL', 'Lenovo', 'T530 THINKPAD NOTE BOOK', NULL, '2013-05-15', NULL, 'laptop', NULL, NULL, NULL, NULL, NULL, NULL, NULL, NULL, NULL, NULL, ''),
(887, '1S2394EL9R9YEWXM', 'Lenovo', 'T530 THINKPAD NOTE BOOK', NULL, '2013-05-15', NULL, 'laptop', NULL, NULL, NULL, NULL, NULL, NULL, NULL, NULL, NULL, NULL, ''),
(888, '1S2394EL9R9YEWXN', 'Lenovo', 'T530 THINKPAD NOTE BOOK', NULL, '2013-05-15', NULL, 'laptop', NULL, NULL, NULL, NULL, NULL, NULL, NULL, NULL, NULL, NULL, ''),
(889, '1S2394EL9R9YEWXP', 'Lenovo', 'T530 THINKPAD NOTE BOOK', NULL, '2013-05-15', NULL, 'laptop', NULL, NULL, NULL, NULL, NULL, NULL, NULL, NULL, NULL, NULL, ''),
(890, '1S2394EL9PK03XTB', 'Lenovo', 'T530 THINKPAD NOTE BOOK', NULL, '2013-08-15', NULL, 'laptop', NULL, NULL, NULL, NULL, NULL, NULL, NULL, NULL, NULL, NULL, ''),
(891, '1S2394EL9PK03XTC', 'Lenovo', 'T530 THINKPAD NOTE BOOK', NULL, '2013-08-15', NULL, 'laptop', NULL, NULL, NULL, NULL, NULL, NULL, NULL, NULL, NULL, NULL, ''),
(892, '1S2394EL9PK03XTD', 'Lenovo', 'T530 THINKPAD NOTE BOOK', NULL, '2013-08-15', NULL, 'laptop', NULL, NULL, NULL, NULL, NULL, NULL, NULL, NULL, NULL, NULL, ''),
(893, '1S2394EL9PK03XTE', 'Lenovo', 'T530 THINKPAD NOTE BOOK', NULL, '2013-08-15', NULL, 'laptop', NULL, NULL, NULL, NULL, NULL, NULL, NULL, NULL, NULL, NULL, ''),
(894, '1S2394EL9PK03XTF', 'Lenovo', 'T530 THINKPAD NOTE BOOK', NULL, '2013-08-15', NULL, 'laptop', NULL, NULL, NULL, NULL, NULL, NULL, NULL, NULL, NULL, NULL, ''),
(895, '1S2394EL9PK03XTG', 'Lenovo', 'T530 THINKPAD NOTE BOOK', NULL, '2013-08-15', NULL, 'laptop', NULL, NULL, NULL, NULL, NULL, NULL, NULL, NULL, NULL, NULL, ''),
(896, '1S2394EL9PK03XTH', 'Lenovo', 'T530 THINKPAD NOTE BOOK', NULL, '2013-08-15', NULL, 'laptop', NULL, NULL, NULL, NULL, NULL, NULL, NULL, NULL, NULL, NULL, ''),
(897, '1S2394EL9PK03XTK', 'Lenovo', 'T530 THINKPAD NOTE BOOK', NULL, '2013-08-15', NULL, 'laptop', NULL, NULL, NULL, NULL, NULL, NULL, NULL, NULL, NULL, NULL, '');
INSERT INTO `device` (`device_id`, `serial_number`, `make`, `model`, `rating`, `purchase_date`, `supplier`, `type`, `health`, `screen_size`, `touch_type`, `camera`, `cpu`, `core_count`, `storage`, `network_controller`, `remarks`, `vga`, `memory`) VALUES
(898, '1S2394EL9PK03XTL', 'Lenovo', 'T530 THINKPAD NOTE BOOK', NULL, '2013-08-15', NULL, 'laptop', NULL, NULL, NULL, NULL, NULL, NULL, NULL, NULL, NULL, NULL, ''),
(899, '1S2394EL9PK03XTM', 'Lenovo', 'T530 THINKPAD NOTE BOOK', NULL, '2013-08-15', NULL, 'laptop', NULL, NULL, NULL, NULL, NULL, NULL, NULL, NULL, NULL, NULL, ''),
(900, '1S2394EL9PK03XTN', 'Lenovo', 'T530 THINKPAD NOTE BOOK', NULL, '2013-08-15', NULL, 'laptop', NULL, NULL, NULL, NULL, NULL, NULL, NULL, NULL, NULL, NULL, ''),
(901, '1S2394EL9PK03XTP', 'Lenovo', 'T530 THINKPAD NOTE BOOK', NULL, '2013-08-15', NULL, 'laptop', NULL, NULL, NULL, NULL, NULL, NULL, NULL, NULL, NULL, NULL, ''),
(902, '1S2394EL9PK03XTR', 'Lenovo', 'T530 THINKPAD NOTE BOOK', NULL, '2013-08-15', NULL, 'laptop', NULL, NULL, NULL, NULL, NULL, NULL, NULL, NULL, NULL, NULL, ''),
(903, '1S2394EL9PK03XTT', 'Lenovo', 'T530 THINKPAD NOTE BOOK', NULL, '2013-08-15', NULL, 'laptop', NULL, NULL, NULL, NULL, NULL, NULL, NULL, NULL, NULL, NULL, ''),
(904, '1S2394EL9PK03XTV', 'Lenovo', 'T530 THINKPAD NOTE BOOK', NULL, '2013-08-15', NULL, 'laptop', NULL, NULL, NULL, NULL, NULL, NULL, NULL, NULL, NULL, NULL, ''),
(905, 'ETLNZ08024139056B94214', NULL, NULL, NULL, '2012-07-25', NULL, 'LCD Monitor', NULL, NULL, NULL, NULL, NULL, NULL, NULL, NULL, NULL, NULL, NULL),
(941, 'ETLNZ08024139056B94214', NULL, NULL, NULL, '2012-07-25', NULL, 'LCD Monitor', NULL, NULL, NULL, NULL, NULL, NULL, NULL, NULL, NULL, NULL, NULL),
(942, 'ETLNZ08024139055B84214', NULL, NULL, NULL, '2012-07-25', NULL, 'LCD Monitor', NULL, NULL, NULL, NULL, NULL, NULL, NULL, NULL, NULL, NULL, NULL),
(943, 'ETLNZ08024139056D14214', NULL, NULL, NULL, '2012-07-25', NULL, 'LCD Monitor', NULL, NULL, NULL, NULL, NULL, NULL, NULL, NULL, NULL, NULL, NULL),
(944, 'ETLNZ08024139056BC4214', NULL, NULL, NULL, '2012-07-25', NULL, 'LCD Monitor', NULL, NULL, NULL, NULL, NULL, NULL, NULL, NULL, NULL, NULL, NULL),
(945, 'ETLNZ08024139056D44214', NULL, NULL, NULL, '2012-07-25', NULL, 'LCD Monitor', NULL, NULL, NULL, NULL, NULL, NULL, NULL, NULL, NULL, NULL, NULL),
(946, 'ETLNZ08024139056CA4214', NULL, NULL, NULL, '2012-07-25', NULL, 'LCD Monitor', NULL, NULL, NULL, NULL, NULL, NULL, NULL, NULL, NULL, NULL, NULL),
(947, 'ETLNZ08024139056C94214', NULL, NULL, NULL, '2012-07-25', NULL, 'LCD Monitor', NULL, NULL, NULL, NULL, NULL, NULL, NULL, NULL, NULL, NULL, NULL),
(948, 'ETLNZ08024139056D84214', NULL, NULL, NULL, '2012-07-25', NULL, 'LCD Monitor', NULL, NULL, NULL, NULL, NULL, NULL, NULL, NULL, NULL, NULL, NULL),
(949, 'ETLNZ08024139056BA4214', NULL, NULL, NULL, '2012-07-25', NULL, 'LCD Monitor', NULL, NULL, NULL, NULL, NULL, NULL, NULL, NULL, NULL, NULL, NULL),
(950, 'ETLNZ08024139056D04214', NULL, NULL, NULL, '2012-07-25', NULL, 'LCD Monitor', NULL, NULL, NULL, NULL, NULL, NULL, NULL, NULL, NULL, NULL, NULL),
(951, 'ETLNZ08024139056B84214', NULL, NULL, NULL, '2012-07-25', NULL, 'LCD Monitor', NULL, NULL, NULL, NULL, NULL, NULL, NULL, NULL, NULL, NULL, NULL),
(952, 'ETLNZ08024139056C24214', NULL, NULL, NULL, '2012-07-25', NULL, 'LCD Monitor', NULL, NULL, NULL, NULL, NULL, NULL, NULL, NULL, NULL, NULL, NULL),
(953, 'ETLNZ08024139056CC4214', NULL, NULL, NULL, '2012-07-25', NULL, 'LCD Monitor', NULL, NULL, NULL, NULL, NULL, NULL, NULL, NULL, NULL, NULL, NULL),
(954, 'ETLNZ08024139056BD4214', NULL, NULL, NULL, '2012-07-25', NULL, 'LCD Monitor', NULL, NULL, NULL, NULL, NULL, NULL, NULL, NULL, NULL, NULL, NULL),
(955, 'ETLNZ080241390565D4214', NULL, NULL, NULL, '2012-07-25', NULL, 'LCD Monitor', NULL, NULL, NULL, NULL, NULL, NULL, NULL, NULL, NULL, NULL, NULL),
(956, 'ETLNZ08024139056024214', NULL, NULL, NULL, '2012-07-25', NULL, 'LCD Monitor', NULL, NULL, NULL, NULL, NULL, NULL, NULL, NULL, NULL, NULL, NULL),
(957, 'ETLNZ08024139056CF4214', NULL, NULL, NULL, '2012-07-25', NULL, 'LCD Monitor', NULL, NULL, NULL, NULL, NULL, NULL, NULL, NULL, NULL, NULL, NULL),
(958, 'ETLNZ08024139056C84214', NULL, NULL, NULL, '2012-07-25', NULL, 'LCD Monitor', NULL, NULL, NULL, NULL, NULL, NULL, NULL, NULL, NULL, NULL, NULL),
(959, 'ETLNZ08024139056C64214', NULL, NULL, NULL, '2013-05-25', NULL, 'LCD Monitor', NULL, NULL, NULL, NULL, NULL, NULL, NULL, NULL, NULL, NULL, NULL),
(960, 'ETLNZ08024206860D24214', NULL, NULL, NULL, '2012-07-25', NULL, 'LCD Monitor', NULL, NULL, NULL, NULL, NULL, NULL, NULL, NULL, NULL, NULL, NULL),
(961, 'ETLNZ08024139056D74214', NULL, NULL, NULL, '2012-07-25', NULL, 'LCD Monitor', NULL, NULL, NULL, NULL, NULL, NULL, NULL, NULL, NULL, NULL, NULL),
(962, 'ETLNZ08015044085724210', NULL, NULL, NULL, '2012-07-25', NULL, 'LCD Monitor', NULL, NULL, NULL, NULL, NULL, NULL, NULL, NULL, NULL, NULL, NULL),
(963, 'ETLNZ08024139056BB4214', NULL, NULL, NULL, '2012-07-25', NULL, 'LCD Monitor', NULL, NULL, NULL, NULL, NULL, NULL, NULL, NULL, NULL, NULL, NULL),
(964, 'ETLNZ08024139056CB4214', NULL, NULL, NULL, '2012-07-25', NULL, 'LCD Monitor', NULL, NULL, NULL, NULL, NULL, NULL, NULL, NULL, NULL, NULL, NULL),
(965, 'ETLNZ08024139056B74214', NULL, NULL, NULL, '2012-07-25', NULL, 'LCD Monitor', NULL, NULL, NULL, NULL, NULL, NULL, NULL, NULL, NULL, NULL, NULL),
(966, 'ETLNZ08024206086D24214', NULL, NULL, NULL, '2013-10-15', NULL, 'LCD Monitor', NULL, NULL, NULL, NULL, NULL, NULL, NULL, NULL, NULL, NULL, NULL),
(967, 'ETLFM0C01792401C294041', NULL, NULL, NULL, '2012-07-25', NULL, 'LCD Monitor', NULL, NULL, NULL, NULL, NULL, NULL, NULL, NULL, NULL, NULL, NULL),
(968, 'ETLFM0C0179150F7FA4041', NULL, NULL, NULL, '2012-07-25', NULL, 'LCD Monitor', NULL, NULL, NULL, NULL, NULL, NULL, NULL, NULL, NULL, NULL, NULL),
(969, 'ETLFM0C0179150F9FD4041', NULL, NULL, NULL, '2012-07-25', NULL, 'LCD Monitor', NULL, NULL, NULL, NULL, NULL, NULL, NULL, NULL, NULL, NULL, NULL),
(970, 'ETLFM0C0179150F80D4041', NULL, NULL, NULL, '2012-10-09', NULL, 'LCD Monitor', NULL, NULL, NULL, NULL, NULL, NULL, NULL, NULL, NULL, NULL, NULL),
(971, 'ETLFM0C0179150F7F84041', NULL, NULL, NULL, '2012-07-25', NULL, 'LCD Monitor', NULL, NULL, NULL, NULL, NULL, NULL, NULL, NULL, NULL, NULL, NULL),
(972, 'ETLFM0C01792401BD94041', NULL, NULL, NULL, '2013-10-25', NULL, 'LCD Monitor', NULL, NULL, NULL, NULL, NULL, NULL, NULL, NULL, NULL, NULL, NULL),
(973, '13902222742', NULL, NULL, NULL, '2013-03-07', NULL, 'LCD Monitor', NULL, NULL, NULL, NULL, NULL, NULL, NULL, NULL, NULL, NULL, NULL),
(974, 'ETLNZ080151060057B4210', NULL, NULL, NULL, '2013-10-10', NULL, 'LCD Monitor', NULL, NULL, NULL, NULL, NULL, NULL, NULL, NULL, NULL, NULL, NULL),
(975, 'ETLNZ08024139056C84214', NULL, NULL, NULL, '2013-10-10', NULL, 'LCD Monitor', NULL, NULL, NULL, NULL, NULL, NULL, NULL, NULL, NULL, NULL, NULL),
(976, '10600140842', NULL, NULL, NULL, '2013-10-14', NULL, 'LCD Monitor', NULL, NULL, NULL, NULL, NULL, NULL, NULL, NULL, NULL, NULL, NULL),
(977, 'SPLB23', NULL, 'Deluxe', NULL, '2012-08-28', NULL, 'lab cpu machines', NULL, NULL, NULL, NULL, 'Core i5 3.1GHz', NULL, '500GB', NULL, NULL, NULL, '8GB'),
(978, 'SPLB24', NULL, 'Deluxe', NULL, '2012-08-28', NULL, 'lab cpu machines', NULL, NULL, NULL, NULL, 'Core i5 3.1GHz', NULL, '500GB', NULL, NULL, NULL, '8GB'),
(979, 'SPLB25', NULL, 'Deluxe', NULL, '2012-08-28', NULL, 'lab cpu machines', NULL, NULL, NULL, NULL, 'Core i5 3.1GHz', NULL, '500GB', NULL, NULL, NULL, '8GB'),
(980, 'SPLB26', NULL, 'Deluxe', NULL, '2012-08-28', NULL, 'lab cpu machines', NULL, NULL, NULL, NULL, 'Core i5 3.1GHz', NULL, '500GB', NULL, NULL, NULL, '8GB'),
(981, 'SPLB27', NULL, 'Deluxe', NULL, '2012-08-28', NULL, 'lab cpu machines', NULL, NULL, NULL, NULL, 'Core i5 3.1GHz', NULL, '500GB', NULL, NULL, NULL, '8GB'),
(982, 'SPLB28', NULL, 'Deluxe', NULL, '2012-08-28', NULL, 'lab cpu machines', NULL, NULL, NULL, NULL, 'Core i5 3.1GHz', NULL, '500GB', NULL, NULL, NULL, '8GB'),
(983, 'SPLB29', NULL, 'Deluxe', NULL, '2012-08-28', NULL, 'lab cpu machines', NULL, NULL, NULL, NULL, 'Core i5 3.1GHz', NULL, '500GB', NULL, NULL, NULL, '8GB'),
(984, 'SPLB30', NULL, 'Deluxe', NULL, '2012-08-28', NULL, 'lab cpu machines', NULL, NULL, NULL, NULL, 'Core i5 3.1GHz', NULL, '500GB', NULL, NULL, NULL, '8GB'),
(985, 'SPLB31', NULL, 'Deluxe', NULL, '2012-08-28', NULL, 'lab cpu machines', NULL, NULL, NULL, NULL, 'Core i5 3.1GHz', NULL, '500GB', NULL, NULL, NULL, '8GB'),
(986, 'SPLB32', NULL, 'Deluxe', NULL, '2012-08-28', NULL, 'lab cpu machines', NULL, NULL, NULL, NULL, 'Core i5 3.1GHz', NULL, '500GB', NULL, NULL, NULL, '8GB'),
(987, 'SP 59 LB 001', NULL, 'Power pro', NULL, '0000-00-00', NULL, 'lab cpu machines', NULL, NULL, NULL, NULL, '', NULL, '', NULL, NULL, NULL, '8GB'),
(988, 'SP 59 LB 002', NULL, 'Power pro', NULL, '0000-00-00', NULL, 'lab cpu machines', NULL, NULL, NULL, NULL, '', NULL, '', NULL, NULL, NULL, '8GB'),
(989, 'SP 59 LB 003', NULL, 'Power pro', NULL, '0000-00-00', NULL, 'lab cpu machines', NULL, NULL, NULL, NULL, '', NULL, '', NULL, NULL, NULL, '8GB'),
(990, 'SP 59 LB 004', NULL, 'Delux', NULL, '0000-00-00', NULL, 'lab cpu machines', NULL, NULL, NULL, NULL, '', NULL, '', NULL, NULL, NULL, '8GB'),
(991, 'SP 59 LB 005', NULL, 'Exensa', NULL, '0000-00-00', NULL, 'lab cpu machines', NULL, NULL, NULL, NULL, '', NULL, '', NULL, NULL, NULL, '8GB'),
(992, 'SP 59 LB 006', NULL, 'Exensa', NULL, '0000-00-00', NULL, 'lab cpu machines', NULL, NULL, NULL, NULL, '', NULL, '', NULL, NULL, NULL, '8GB'),
(993, 'SP 59 LB 007', NULL, 'Exensa', NULL, '0000-00-00', NULL, 'lab cpu machines', NULL, NULL, NULL, NULL, '', NULL, '', NULL, NULL, NULL, '8GB'),
(994, 'SP 59 LB 008', NULL, 'Delux     (M)', NULL, '0000-00-00', NULL, 'lab cpu machines', NULL, NULL, NULL, NULL, '', NULL, '', NULL, NULL, NULL, '8GB'),
(995, 'SP 59 LB 009', NULL, 'Delux', NULL, '0000-00-00', NULL, 'lab cpu machines', NULL, NULL, NULL, NULL, '', NULL, '', NULL, NULL, NULL, '8GB'),
(996, 'SP 59 LB 010', NULL, 'Delux', NULL, '0000-00-00', NULL, 'lab cpu machines', NULL, NULL, NULL, NULL, '', NULL, '', NULL, NULL, NULL, '8GB'),
(997, 'SP 59 LB 011', NULL, 'Delux', NULL, '0000-00-00', NULL, 'lab cpu machines', NULL, NULL, NULL, NULL, '', NULL, '', NULL, NULL, NULL, '8GB'),
(998, 'SP 59 LB 012', NULL, 'Delux', NULL, '0000-00-00', NULL, 'lab cpu machines', NULL, NULL, NULL, NULL, '', NULL, '', NULL, NULL, NULL, '8GB'),
(999, 'SP 59 LB 013', NULL, 'Power pro', NULL, '0000-00-00', NULL, 'lab cpu machines', NULL, NULL, NULL, NULL, '', NULL, '', NULL, NULL, NULL, '8GB'),
(1000, 'SP 59 LB 014', NULL, 'Delux', NULL, '0000-00-00', NULL, 'lab cpu machines', NULL, NULL, NULL, NULL, '', NULL, '', NULL, NULL, NULL, '8GB'),
(1001, 'SP 59 LB 015', NULL, 'Delux', NULL, '0000-00-00', NULL, 'lab cpu machines', NULL, NULL, NULL, NULL, '', NULL, '', NULL, NULL, NULL, '8GB'),
(1002, 'SP 59 LB 016', NULL, 'Delux', NULL, '0000-00-00', NULL, 'lab cpu machines', NULL, NULL, NULL, NULL, '', NULL, '', NULL, NULL, NULL, '8GB'),
(1003, 'SP 59 LB 017', NULL, 'Delux', NULL, '0000-00-00', NULL, 'lab cpu machines', NULL, NULL, NULL, NULL, '', NULL, '', NULL, NULL, NULL, '8GB'),
(1004, 'SP 59 LB 018', NULL, 'Delux', NULL, '0000-00-00', NULL, 'lab cpu machines', NULL, NULL, NULL, NULL, '', NULL, '', NULL, NULL, NULL, '8GB'),
(1005, 'Wso2-UPS-0019', NULL, 'Delux', NULL, '0000-00-00', NULL, 'server room cpu machines', NULL, NULL, NULL, NULL, '', NULL, '', NULL, NULL, NULL, '8GB'),
(1006, 'Wso2-UPS-0020', NULL, 'Delux', NULL, '0000-00-00', NULL, 'server room cpu machines', NULL, NULL, NULL, NULL, '', NULL, '', NULL, NULL, NULL, '8GB'),
(1007, 'Wso2-UPS-0021', NULL, 'Delux', NULL, '0000-00-00', NULL, 'server room cpu machines', NULL, NULL, NULL, NULL, '', NULL, '', NULL, NULL, NULL, '8GB'),
(1008, 'Wso2-UPS-0022', NULL, 'Delux', NULL, '0000-00-00', NULL, 'server room cpu machines', NULL, NULL, NULL, NULL, '', NULL, '', NULL, NULL, NULL, '8GB'),
(1009, 'Wso2-UPS-0023', NULL, 'Delux', NULL, '0000-00-00', NULL, 'server room cpu machines', NULL, NULL, NULL, NULL, '', NULL, '', NULL, NULL, NULL, '8GB'),
(1010, 'Wso2-UPS-0024', NULL, 'Delux', NULL, '0000-00-00', NULL, 'server room cpu machines', NULL, NULL, NULL, NULL, '', NULL, '', NULL, NULL, NULL, '8GB'),
(1011, 'Wso2-UPS-0025', NULL, 'Delux', NULL, '0000-00-00', NULL, 'server room cpu machines', NULL, NULL, NULL, NULL, '', NULL, '', NULL, NULL, NULL, '8GB'),
(1012, 'Wso2-UPS-0026', NULL, 'Delux', NULL, '0000-00-00', NULL, 'server room cpu machines', NULL, NULL, NULL, NULL, '', NULL, '', NULL, NULL, NULL, '8GB'),
(1013, 'Wso2-UPS-0027', NULL, 'Delux', NULL, '0000-00-00', NULL, 'server room cpu machines', NULL, NULL, NULL, NULL, '', NULL, '', NULL, NULL, NULL, '8GB'),
(1014, 'Wso2-UPS-0028', NULL, 'Delux----(M)', NULL, '0000-00-00', NULL, 'server room cpu machines', NULL, NULL, NULL, NULL, '', NULL, '', NULL, NULL, NULL, '8GB'),
(1015, 'Wso2-UPS-0029', NULL, 'Exensa', NULL, '0000-00-00', NULL, 'server room cpu machines', NULL, NULL, NULL, NULL, '', NULL, '', NULL, NULL, NULL, '8GB'),
(1016, 'Wso2-UPS-0030', NULL, 'Exensa', NULL, '0000-00-00', NULL, 'server room cpu machines', NULL, NULL, NULL, NULL, '', NULL, '', NULL, NULL, NULL, '8GB');

-- --------------------------------------------------------

--
-- Table structure for table `employee`
--

CREATE TABLE IF NOT EXISTS `employee` (
  `employee_id` varchar(80) NOT NULL,
  PRIMARY KEY (`employee_id`)
) ENGINE=InnoDB DEFAULT CHARSET=utf8;

--
-- Dumping data for table `employee`
--

INSERT INTO `employee` (`employee_id`) VALUES
('ahsan@wso2.com'),
('ajanthan@wso2.com'),
('ajithn@wso2.com'),
('amal@wso2.com'),
('amalg@wso2.com'),
('amani@wso2.com'),
('amilad@wso2.com'),
('ananda@wso2.com'),
('anjana@wso2.com'),
('aparna@wso2.com'),
('arrna@wso2.com'),
('arunu@wso2.com'),
('asankad@wso2.com'),
('asankas@wso2.com'),
('asankav@wso2.com'),
('asanthi@wso2.com'),
('asela@wso2.com'),
('ashan@wso2.com'),
('ashansa@wso2.com'),
('asiria@wso2.com'),
('bhathiya@wso2.com'),
('buddhi@wso2.com'),
('calitha@wso2.com'),
('camikia@wso2.com'),
('canaka@wso2.com'),
('chamara@wso2.com'),
('chamaraa@wso2.com'),
('chamathg@wso2.com'),
('chamil@wso2.com'),
('chamila@wso2.com'),
('chaminda@wso2.com'),
('chamith@wso2.com'),
('chanakaf@wso2.com'),
('chandana@wso2.com'),
('chanika@wso2.com'),
('charitha@wso2.com'),
('charmal@wso2.com'),
('chathura@wso2.com'),
('Chathurika@wso2.com'),
('chritham@wso2.com'),
('dakshitha@wso2.com'),
('damitha@wso2.com'),
('damiths@wso2.com'),
('dammina@wso2.com'),
('danushkaf@wso2.com'),
('darshana@wso2.com'),
('daya@wso2.com'),
('dedunu@wso2.com'),
('deep@wso2.com'),
('dhanushkar@wso2.com'),
('dharshna@wso2.com'),
('dilini@wso2.com'),
('dilshan@wso2.com'),
('dimuthupeksha@wso2.com'),
('dineshb@wso2.com'),
('dinukam@wso2.com'),
('dinusha@wso2.com'),
('dulanja@wso2.com'),
('dushan@wso2.com'),
('eranda@wso2.com'),
('evanthika@wso2.com'),
('gayan@wso2.com'),
('gayand@wso2.com'),
('geeth@wso2.com'),
('gihan@wso2.com'),
('gillian@wso2.com'),
('gokula@wso2.com'),
('harindu@wso2.com'),
('harsha@wso2.com'),
('harshan@wso2.com'),
('harshat@wso2.com'),
('harshna@wso2.com'),
('hasithah@wso2.com'),
('indikas@wso2.com'),
('inosh@wso2.com'),
('iranga@wso2.com'),
('irosha@wso2.com'),
('ishan@wso2.com'),
('ishanka@wso2.com'),
('ishara@wso2.com'),
('isharak@wso2.com'),
('isura@wso2.com'),
('isuruh@wso2.com'),
('isurup@wso2.com'),
('isuruu@wso2.com'),
('isuruw@wso2.com'),
('isuruwan@wso2.com'),
('jagath@wso2.com'),
('janaka@wso2.com'),
('jasintha@wso2.com'),
('jayanga@wso2.com'),
('jeevantha@wso2.com'),
('johann@wso2.com'),
('kasun@wso2.com'),
('kasun@wso2mobile.com'),
('kasung@wso2.com'),
('kavith@wso2.com'),
('kevin@wso2.com'),
('kishnthan@wso2.com'),
('krishantha@wso2.com'),
('krishanthis@mso2.com'),
('lahirus@wso2.com'),
('lakmaik@wso2.com'),
('lakmali@wso2.com'),
('lalaji@wso2.com'),
('lali@wso2.com'),
('lanka@wso2.com'),
('lasantha@wso2.com'),
('madhawa@wso2'),
('madhuka@wso2.com'),
('madura@wso2.com'),
('maduranga@wso2.com'),
('maheshakya@wso2.com'),
('maheshika@wso2.com'),
('malaka@wso2.com'),
('malinthaa@wso2.com'),
('malith@wso2.com'),
('malitha@wso2.com'),
('maninda@wso2.com'),
('manisha@wso2.com'),
('manjular@wso2.com'),
('manojf@wso2.com'),
('manu@wso2.com'),
('manula@wso2.com'),
('Manulac@wso2.com'),
('melan@wso2.com'),
('mihil@wso2.com'),
('mihiri@wso2.com'),
('miyuru@wso2.com'),
('mnula@wso2.com'),
('mohanvive@wso2.com'),
('nadeesha@wso2.com'),
('nadeeshac@wso2.com'),
('nadeshaan@wo2.com'),
('nalin@wso2.com'),
('nandika@wso2.com'),
('niranjan@wso2.com'),
('nirmal@wso2.com'),
('nirodha@wso2.com'),
('nuwand@wso2.com'),
('nuwanw@wso2.com'),
('padkika@wso2.com'),
('pamod@wso2.com'),
('paraparan@wso2.com'),
('pavithra@wso2.com'),
('poshitha@wso1'),
('prapatha@wso2.com'),
('prasadt@wso2.com'),
('Praveenas@wso2.com'),
('prdeep@wso2.com'),
('pubudug@wso2.com'),
('pulasthi@wso2.com'),
('punnadi@wso2.com'),
('rajeev@wso2.com'),
('rajeeva@wso2.com'),
('rajitha@wso2.com'),
('rajithv@wso2.com'),
('ramith@wso2.com'),
('ranga@wso2.com'),
('rathav@wso2.com'),
('ravi@wso2.com'),
('ravihanasa@wso2.com'),
('reka@wso2.com'),
('ruchira@wso2.com'),
('rumesh@wso2.com'),
('rushmin@wso2.com'),
('Ruwany@wso2.com'),
('sagara@wso2.com'),
('sajith@wso2.com'),
('sajithr@wso2.com'),
('sameera@wso2.com'),
('sameeram@wso2.com'),
('samuei@wso2.com'),
('sandapa@wso2.com'),
('sanjaya@wso2.com'),
('sanjeewa@wso2.com'),
('sasikala@wso2.com'),
('seshika@wso2.com'),
('sewwandi@wso2.com'),
('shameera@wso2.com'),
('shamika@wso2.com'),
('shammi@wso2.com'),
('shani@wso2.com'),
('shariq@wso2.com'),
('shashika@wso2.com'),
('shelan@wso2.com'),
('shenavi@wso2.com'),
('shiroshika@wso2.com'),
('sinthuja@wso2.com'),
('sohani@wso2.com'),
('sriragu@wso2.com'),
('subash@wso2.com'),
('sudheera@wso2.com'),
('sumedha@wso2.com'),
('suneth@wso2.com'),
('supunm@wso2.com'),
('suresh@wso2.com'),
('susankha@wso2.com'),
('susinda@wso2.com'),
('tanya@wso2.com'),
('thamayanthy@wso2.com'),
('thanuja@wso2.com'),
('tharinda@wso2.com'),
('tharshini@wso2.com'),
('thayalsn@wso2.com'),
('thilinap@wso2.com'),
('thimuth@wso2.com'),
('thlini@wso2.com'),
('thrindur@wso2.com'),
('udara@wso2.com'),
('udarar@wso2.com'),
('umesha@wso2.com'),
('ushani@wso2.com'),
('uvindra@wso2.com'),
('vanji@wso2.com'),
('venura@wso2.com'),
('vijitha@wso2.com'),
('vimuth@wso2.com'),
('viraj@wso2.com'),
('vishmi@wso2.com'),
('warunaj@wso2.com'),
('warunap@wso2.com'),
('yashira@wso2.com'),
('yasith@wso2.com'),
('yumani@wso2.com');

-- --------------------------------------------------------

--
-- Table structure for table `issue`
--

CREATE TABLE IF NOT EXISTS `issue` (
  `issue_number` int(11) NOT NULL AUTO_INCREMENT,
  `status` varchar(48) DEFAULT NULL,
  `device_id` int(11) NOT NULL,
  `employee_employee_id` varchar(80) NOT NULL,
  `issue_info` varchar(256) DEFAULT NULL,
  `date` date DEFAULT NULL,
  `resolved` int(11) NOT NULL DEFAULT '0',
  PRIMARY KEY (`issue_number`),
  UNIQUE KEY `issue_number_2` (`issue_number`),
  KEY `fk_issue_device1_idx` (`device_id`),
  KEY `fk_issue_employee1_idx` (`employee_employee_id`),
  KEY `issue_number` (`issue_number`),
  KEY `issue_number_3` (`issue_number`),
  KEY `issue_number_4` (`issue_number`),
  KEY `issue_number_5` (`issue_number`)
) ENGINE=InnoDB  DEFAULT CHARSET=utf8 AUTO_INCREMENT=46 ;

--
-- Dumping data for table `issue`
--

INSERT INTO `issue` (`issue_number`, `status`, `device_id`, `employee_employee_id`, `issue_info`, `date`, `resolved`) VALUES
(26, 'Solved', 210, 'mihil@wso2.com', 'hgjhjhjhjhj', '2014-02-13', 3),
(42, 'New', 210, 'mihil@wso2.com', 'I suck at this', '2014-02-02', 3),
(44, 'New', 210, 'mihil@wso2.com', 'I ruined it', '2014-02-03', 3),
(45, 'New', 210, 'mihil@wso2.com', 'afawfawf', '2014-02-04', 0);

--
-- Triggers `issue`
--
DROP TRIGGER IF EXISTS `health_degrade`;
DELIMITER //
CREATE TRIGGER `health_degrade` AFTER UPDATE ON `issue`
 FOR EACH ROW begin

update device, issue set device.health = device.health-10
where device.device_id=issue.device_id and issue.status='critical' 
and issue.resolved=0;

update device, issue set device.health = device.health-5
where device.device_id=issue.device_id and issue.status='normal' 
and issue.resolved=0;

update device, issue set device.health = device.health-3
where device.device_id=issue.device_id and issue.status='insignificant' 
and issue.resolved=0;

end
//
DELIMITER ;

-- --------------------------------------------------------

--
-- Table structure for table `request`
--

CREATE TABLE IF NOT EXISTS `request` (
  `request_id` int(11) NOT NULL AUTO_INCREMENT,
  `device_type` varchar(45) NOT NULL,
  `purpose` varchar(400) NOT NULL,
  `requirements` varchar(1000) NOT NULL,
  `employee_employee_id` varchar(80) DEFAULT NULL,
  `resolved` int(11) NOT NULL DEFAULT '0',
  `request_date` date DEFAULT NULL,
  PRIMARY KEY (`request_id`),
  KEY `employee_employee_id` (`employee_employee_id`)
) ENGINE=InnoDB  DEFAULT CHARSET=utf8 AUTO_INCREMENT=12 ;

--
-- Dumping data for table `request`
--

INSERT INTO `request` (`request_id`, `device_type`, `purpose`, `requirements`, `employee_employee_id`, `resolved`, `request_date`) VALUES
(11, 'pad', 'afeaeg', 'aegaeg', 'mihil@wso2.com', 0, '2014-02-16');

-- --------------------------------------------------------

--
-- Table structure for table `upgrade`
--

CREATE TABLE IF NOT EXISTS `upgrade` (
  `upgrade_id` int(11) NOT NULL AUTO_INCREMENT,
  `upgraded_device_id` int(11) NOT NULL,
  `upgraded_accessory_id` int(11) NOT NULL,
  `issue_issue_number` int(11) DEFAULT NULL,
  `description` varchar(4000) DEFAULT NULL,
  PRIMARY KEY (`upgrade_id`),
  KEY `fk_upgrade_device1_idx` (`upgraded_device_id`),
  KEY `fk_upgrade_accessory1_idx` (`upgraded_accessory_id`),
  KEY `fk_upgrade_issue1_idx` (`issue_issue_number`)
) ENGINE=InnoDB DEFAULT CHARSET=utf8 AUTO_INCREMENT=1 ;

-- --------------------------------------------------------

--
-- Table structure for table `warranty_card`
--

CREATE TABLE IF NOT EXISTS `warranty_card` (
  `warranty_number` int(11) NOT NULL AUTO_INCREMENT,
  `start_date` date DEFAULT NULL,
  `end_date` date NOT NULL,
  `duration_in_months` int(11) DEFAULT '10000',
  `status` int(11) DEFAULT '1',
  `device_id` int(11) DEFAULT NULL,
  `accessory_id` int(11) DEFAULT NULL,
  PRIMARY KEY (`warranty_number`),
  KEY `fk_warranty_card_device1_idx` (`device_id`),
  KEY `fk_warranty_card_accessory1_idx` (`accessory_id`)
) ENGINE=InnoDB  DEFAULT CHARSET=utf8 COMMENT='contains the relationship between warranty and warrants as shown in the ER model' AUTO_INCREMENT=337 ;

--
-- Dumping data for table `warranty_card`
--

INSERT INTO `warranty_card` (`warranty_number`, `start_date`, `end_date`, `duration_in_months`, `status`, `device_id`, `accessory_id`) VALUES
(2, '2011-03-22', '2014-03-21', 1, 1, 195, NULL),
(3, '2011-03-22', '2014-03-21', 1, 1, 196, NULL),
(4, '2011-03-22', '2014-03-21', 1, 1, 197, NULL),
(5, '2011-03-22', '2014-03-21', 1, 1, 198, NULL),
(6, '2011-03-22', '2014-03-21', 1, 1, 199, NULL),
(7, '2011-03-22', '2014-03-21', 1, 1, 200, NULL),
(8, '2011-03-22', '2014-03-21', 1, 1, 201, NULL),
(9, '2011-03-22', '2014-03-21', 1, 1, 202, NULL),
(10, '2011-03-22', '2014-03-21', 1, 1, 203, NULL),
(11, '2011-03-22', '2014-03-21', 1, 1, 204, NULL),
(12, '2011-03-22', '2014-03-21', 1, 1, 205, NULL),
(13, '2011-03-22', '2014-03-21', 1, 1, 206, NULL),
(14, '2011-03-22', '2014-03-21', 1, 1, 207, NULL),
(15, '2011-03-22', '2014-03-21', 1, 1, 208, NULL),
(16, '2011-03-22', '2014-03-21', 1, 1, 209, NULL),
(17, '2011-03-22', '2014-03-21', 1, 1, 210, NULL),
(18, '2011-03-22', '2014-03-21', 1, 1, 211, NULL),
(19, '2011-03-22', '2014-03-21', 1, 1, 212, NULL),
(20, '2011-03-22', '2014-03-21', 1, 1, 213, NULL),
(21, '2011-03-22', '2014-03-21', 1, 1, 214, NULL),
(22, '2010-09-21', '2013-09-21', -5, 0, 215, NULL),
(23, '2010-09-21', '2013-09-21', -5, 0, 216, NULL),
(24, '2010-09-21', '2013-09-21', -5, 0, 217, NULL),
(25, '2010-09-21', '2013-09-21', -5, 0, 218, NULL),
(26, '2010-09-21', '2013-09-21', -5, 0, 219, NULL),
(27, '2010-09-21', '2013-09-21', -5, 0, 220, NULL),
(28, '2010-09-21', '2013-09-21', -5, 0, 221, NULL),
(29, '2010-09-21', '2013-09-21', -5, 0, 222, NULL),
(30, '2010-09-21', '2013-09-21', -5, 0, 223, NULL),
(31, '2010-09-21', '2013-09-21', -5, 0, 224, NULL),
(32, '2010-09-21', '2013-09-21', -5, 0, 225, NULL),
(33, '2010-09-21', '2013-09-21', -5, 0, 226, NULL),
(34, '2010-09-21', '2013-09-21', -5, 0, 227, NULL),
(35, '2010-09-21', '2013-09-21', -5, 0, 228, NULL),
(36, '2010-09-21', '2013-09-21', -5, 0, 229, NULL),
(37, '2010-09-21', '2013-09-21', -5, 0, 230, NULL),
(38, '2010-09-21', '2013-09-21', -5, 0, 231, NULL),
(39, '2010-09-21', '2013-09-21', -5, 0, 232, NULL),
(40, '2010-09-21', '2013-09-21', -5, 0, 233, NULL),
(41, '2010-09-21', '2013-09-21', -5, 0, 234, NULL),
(42, '2010-09-21', '2013-09-21', -5, 0, 235, NULL),
(43, '2010-09-21', '2013-09-21', -5, 0, 236, NULL),
(44, '2010-09-21', '2013-09-21', -5, 0, 237, NULL),
(45, '2012-05-16', '2015-05-16', 15, 1, 238, NULL),
(46, '2012-05-16', '2015-05-16', 15, 1, 239, NULL),
(47, '2012-05-16', '2015-05-16', 15, 1, 240, NULL),
(48, '2012-05-16', '2015-05-16', 15, 1, 241, NULL),
(49, '2012-05-16', '2015-05-16', 15, 1, 242, NULL),
(50, '2012-05-16', '2015-05-16', 15, 1, 243, NULL),
(51, '2012-05-16', '2015-05-16', 15, 1, 244, NULL),
(52, '2012-05-16', '2015-05-16', 15, 1, 245, NULL),
(53, '2012-05-16', '2015-05-16', 15, 1, 246, NULL),
(54, '2012-05-16', '2015-05-16', 15, 1, 247, NULL),
(55, '2012-05-16', '2015-05-16', 15, 1, 248, NULL),
(56, '2012-05-16', '2015-05-16', 15, 1, 249, NULL),
(57, '2012-05-16', '2015-05-16', 15, 1, 250, NULL),
(58, '2012-05-16', '2015-05-16', 15, 1, 251, NULL),
(59, '2012-05-16', '2015-05-16', 15, 1, 252, NULL),
(60, '2012-05-16', '2015-05-16', 15, 1, 253, NULL),
(61, '2012-06-16', '2015-06-16', 16, 1, 254, NULL),
(62, '2012-06-16', '2015-06-16', 16, 1, 255, NULL),
(63, '2012-06-16', '2015-06-16', 16, 1, 256, NULL),
(64, '2012-06-16', '2015-06-16', 16, 1, 257, NULL),
(65, '2012-06-16', '2015-06-16', 16, 1, 258, NULL),
(66, '2012-06-16', '2015-06-16', 16, 1, 259, NULL),
(67, '2012-06-16', '2015-06-16', 16, 1, 260, NULL),
(68, '2012-06-16', '2015-06-16', 16, 1, 261, NULL),
(69, '2012-06-16', '2015-06-16', 16, 1, 262, NULL),
(70, '2012-06-16', '2015-06-16', 16, 1, 263, NULL),
(71, '2013-12-31', '2016-12-31', 35, 1, 264, NULL),
(72, '2013-12-31', '2016-12-31', 35, 1, 265, NULL),
(73, '2013-12-31', '2016-12-31', 35, 1, 266, NULL),
(74, '2013-12-31', '2016-12-31', 35, 1, 267, NULL),
(75, '2013-12-31', '2016-12-31', 35, 1, 268, NULL),
(76, '2013-12-31', '2016-12-31', 35, 1, 269, NULL),
(77, '2013-12-31', '2016-12-31', 35, 1, 270, NULL),
(78, '2013-12-31', '2016-12-31', 35, 1, 271, NULL),
(79, '2013-12-31', '2016-12-31', 35, 1, 272, NULL),
(80, '2013-12-31', '2016-12-31', 35, 1, 273, NULL),
(81, '2014-01-03', '2016-01-03', 23, 1, 274, NULL),
(82, '2014-01-03', '2016-01-03', 23, 1, 275, NULL),
(83, '2014-01-03', '2016-01-03', 23, 1, 276, NULL),
(84, '2014-01-03', '2016-01-03', 23, 1, 277, NULL),
(85, '2014-01-03', '2016-01-03', 23, 1, 278, NULL),
(86, '2014-01-03', '2016-01-03', 23, 1, 279, NULL),
(87, '2014-01-03', '2016-01-03', 23, 1, 280, NULL),
(88, '2014-01-03', '2016-01-03', 23, 1, 281, NULL),
(89, '2014-01-03', '2016-01-03', 23, 1, 282, NULL),
(90, '2014-01-03', '2016-01-03', 23, 1, 283, NULL),
(91, '2014-01-03', '2016-01-03', 23, 1, 284, NULL),
(92, '2014-01-03', '2016-01-03', 23, 1, 285, NULL),
(93, '2014-01-03', '2016-01-03', 23, 1, 286, NULL),
(94, '2014-01-03', '2016-01-03', 23, 1, 287, NULL),
(95, '2014-01-03', '2016-01-03', 23, 1, 288, NULL),
(96, '2014-01-03', '2016-01-03', 23, 1, 289, NULL),
(97, '2014-01-03', '2016-01-03', 23, 1, 290, NULL),
(98, '2014-01-03', '2016-01-03', 23, 1, 291, NULL),
(99, '2014-01-03', '2016-01-03', 23, 1, 292, NULL),
(100, '2014-01-03', '2016-01-03', 23, 1, 293, NULL),
(101, '2014-01-03', '2016-01-03', 23, 1, 294, NULL),
(102, '2014-01-03', '2016-01-03', 23, 1, 295, NULL),
(103, '2014-01-03', '2016-01-03', 23, 1, 296, NULL),
(104, '2014-01-03', '2016-01-03', 23, 1, 297, NULL),
(105, '2014-01-03', '2016-01-03', 23, 1, 298, NULL),
(106, '2014-01-03', '2016-01-03', 23, 1, 299, NULL),
(107, '2014-01-03', '2016-01-03', 23, 1, 300, NULL),
(108, '2014-01-03', '2016-01-03', 23, 1, 301, NULL),
(109, '2014-01-03', '2016-01-03', 23, 1, 302, NULL),
(110, '2014-01-03', '2016-01-03', 23, 1, 303, NULL),
(111, '2014-01-03', '2016-01-03', 23, 1, 304, NULL),
(112, '2014-01-03', '2016-01-03', 23, 1, 305, NULL),
(113, '2014-01-03', '2016-01-03', 23, 1, 306, NULL),
(114, '2014-01-03', '2016-01-03', 23, 1, 307, NULL),
(115, '2014-01-03', '2016-01-03', 23, 1, 308, NULL),
(116, '2014-01-03', '2016-01-03', 23, 1, 309, NULL),
(117, '2014-01-03', '2016-01-03', 23, 1, 310, NULL),
(118, '2014-01-03', '2016-01-03', 23, 1, 311, NULL),
(119, '2014-01-03', '2016-01-03', 23, 1, 312, NULL),
(120, '2014-01-03', '2016-01-03', 23, 1, 313, NULL),
(121, '2014-01-03', '2016-01-03', 23, 1, 314, NULL),
(122, '2014-01-03', '2016-01-03', 23, 1, 315, NULL),
(123, '2014-01-03', '2016-01-03', 23, 1, 316, NULL),
(124, '2014-01-03', '2016-01-03', 23, 1, 317, NULL),
(125, '2014-01-03', '2016-01-03', 23, 1, 318, NULL),
(126, '2014-01-03', '2016-01-03', 23, 1, 319, NULL),
(127, '2014-01-03', '2016-01-03', 23, 1, 320, NULL),
(128, '2014-01-03', '2016-01-03', 23, 1, 321, NULL),
(129, '2014-01-03', '2016-01-03', 23, 1, 322, NULL),
(130, '2014-01-03', '2016-01-03', 23, 1, 323, NULL),
(131, '2014-01-03', '2016-01-03', 23, 1, 324, NULL),
(132, '2014-01-03', '2016-01-03', 23, 1, 325, NULL),
(133, '2010-10-20', '2013-10-20', -4, 0, 712, NULL),
(134, '2010-10-20', '2013-10-20', -4, 0, 713, NULL),
(135, '2010-10-20', '2013-10-20', -4, 0, 714, NULL),
(136, '2010-10-20', '2013-10-20', -4, 0, 715, NULL),
(137, '2010-10-20', '2013-10-20', -4, 0, 716, NULL),
(138, '2010-10-20', '2013-10-20', -4, 0, 717, NULL),
(139, '2010-10-20', '2013-10-20', -4, 0, 718, NULL),
(140, '2010-10-20', '2013-10-20', -4, 0, 719, NULL),
(141, '2010-10-20', '2013-10-20', -4, 0, 720, NULL),
(142, '2010-10-20', '2013-10-20', -4, 0, 721, NULL),
(143, '2010-10-20', '2013-10-20', -4, 0, 722, NULL),
(144, '2011-09-27', '2014-09-27', 8, 1, 723, NULL),
(145, '2011-09-27', '2014-09-27', 8, 1, 724, NULL),
(146, '2011-09-27', '2014-09-27', 8, 1, 725, NULL),
(147, '2011-09-27', '2014-09-27', 8, 1, 726, NULL),
(148, '2011-09-27', '2014-09-27', 8, 1, 727, NULL),
(149, '2011-09-27', '2014-09-27', 8, 1, 728, NULL),
(150, '2011-09-27', '2014-09-27', 8, 1, 729, NULL),
(151, '2011-09-27', '2014-09-27', 8, 1, 730, NULL),
(152, '2011-09-27', '2014-09-27', 8, 1, 731, NULL),
(153, '2011-09-27', '2014-09-27', 8, 1, 732, NULL),
(154, '2011-09-27', '2014-09-27', 8, 1, 733, NULL),
(155, '2011-09-27', '2014-09-27', 8, 1, 734, NULL),
(156, '2011-09-27', '2014-09-27', 8, 1, 735, NULL),
(157, '2011-09-27', '2014-09-27', 8, 1, 736, NULL),
(158, '2011-09-27', '2014-09-27', 8, 1, 737, NULL),
(159, '2011-09-27', '2014-09-27', 8, 1, 738, NULL),
(160, '2011-09-27', '2014-09-27', 8, 1, 739, NULL),
(161, '2011-09-27', '2014-09-27', 8, 1, 740, NULL),
(162, '2011-09-27', '2014-09-27', 8, 1, 741, NULL),
(163, '2011-09-27', '2014-09-27', 8, 1, 742, NULL),
(164, '2011-09-27', '2014-09-27', 8, 1, 743, NULL),
(165, '2011-09-27', '2014-09-27', 8, 1, 744, NULL),
(166, '2011-09-27', '2014-09-27', 8, 1, 745, NULL),
(167, '2011-09-27', '2014-09-27', 8, 1, 746, NULL),
(168, '2011-09-27', '2014-09-27', 8, 1, 747, NULL),
(169, '2011-09-27', '2014-09-27', 8, 1, 748, NULL),
(170, '2011-09-27', '2014-09-27', 8, 1, 749, NULL),
(171, '2011-09-27', '2014-09-27', 8, 1, 750, NULL),
(172, '2011-09-27', '2014-09-27', 8, 1, 751, NULL),
(173, '2011-09-27', '2014-09-27', 8, 1, 752, NULL),
(174, '2011-09-27', '2014-09-27', 8, 1, 753, NULL),
(175, '2011-09-27', '2014-09-27', 8, 1, 754, NULL),
(176, '2011-09-27', '2014-09-27', 8, 1, 755, NULL),
(177, '2011-09-27', '2014-09-27', 8, 1, 756, NULL),
(178, '2011-09-27', '2014-09-27', 8, 1, 757, NULL),
(179, '2011-09-27', '2014-09-27', 8, 1, 758, NULL),
(180, '2011-09-27', '2014-09-27', 8, 1, 759, NULL),
(181, '2011-09-27', '2014-09-27', 8, 1, 760, NULL),
(182, '2011-09-27', '2014-09-27', 8, 1, 761, NULL),
(183, '2011-09-27', '2014-09-27', 8, 1, 762, NULL),
(184, '2011-12-16', '2014-12-16', 10, 1, 763, NULL),
(185, '2011-12-16', '2014-12-16', 10, 1, 764, NULL),
(186, '2011-12-16', '2014-12-16', 10, 1, 765, NULL),
(187, '2011-12-16', '2014-12-16', 10, 1, 766, NULL),
(188, '2011-12-16', '2014-12-16', 10, 1, 767, NULL),
(189, '2011-12-16', '2014-12-16', 10, 1, 768, NULL),
(190, '2011-12-16', '2014-12-16', 10, 1, 769, NULL),
(191, '2011-12-16', '2014-12-16', 10, 1, 770, NULL),
(192, '2011-12-16', '2014-12-16', 10, 1, 771, NULL),
(193, '2011-12-16', '2014-12-16', 10, 1, 772, NULL),
(194, '2012-01-19', '2015-01-19', 11, 1, 773, NULL),
(195, '2012-01-19', '2015-01-19', 11, 1, 774, NULL),
(196, '2011-06-30', '2014-06-30', 5, 1, 775, NULL),
(197, '2011-06-30', '2014-06-30', 5, 1, 776, NULL),
(198, '2011-06-30', '2014-06-30', 5, 1, 777, NULL),
(199, '2011-06-30', '2014-06-30', 5, 1, 778, NULL),
(200, '2011-06-30', '2014-06-30', 5, 1, 779, NULL),
(201, '2011-06-30', '2014-06-30', 5, 1, 780, NULL),
(202, '2011-06-30', '2014-06-30', 5, 1, 781, NULL),
(203, '2011-06-30', '2014-06-30', 5, 1, 782, NULL),
(204, '2011-06-30', '2014-06-30', 5, 1, 783, NULL),
(205, '2011-06-30', '2014-06-30', 5, 1, 784, NULL),
(206, '2011-06-30', '2014-06-30', 5, 1, 785, NULL),
(207, '2011-06-30', '2014-06-30', 5, 1, 786, NULL),
(208, '2011-06-30', '2014-06-30', 5, 1, 787, NULL),
(209, '2011-06-30', '2014-06-30', 5, 1, 788, NULL),
(210, '2011-06-30', '2014-06-30', 5, 1, 789, NULL),
(211, '2013-01-10', '2016-01-10', 23, 1, 790, NULL),
(212, '2013-01-10', '2016-01-10', 23, 1, 791, NULL),
(213, '2013-01-10', '2016-01-10', 23, 1, 792, NULL),
(214, '2013-01-10', '2016-01-10', 23, 1, 793, NULL),
(215, '2013-01-10', '2016-01-10', 23, 1, 794, NULL),
(216, '2013-01-10', '2016-01-10', 23, 1, 795, NULL),
(217, '2013-01-10', '2016-01-10', 23, 1, 796, NULL),
(218, '2013-01-10', '2016-01-10', 23, 1, 797, NULL),
(219, '2013-01-10', '2016-01-10', 23, 1, 798, NULL),
(220, '2013-01-10', '2016-01-10', 23, 1, 799, NULL),
(221, '2013-01-10', '2016-01-10', 23, 1, 800, NULL),
(222, '2013-01-10', '2016-01-10', 23, 1, 801, NULL),
(223, '2013-01-10', '2016-01-10', 23, 1, 802, NULL),
(224, '2013-01-10', '2016-01-10', 23, 1, 803, NULL),
(225, '2013-01-10', '2016-01-10', 23, 1, 804, NULL),
(226, '2013-01-10', '2016-01-10', 23, 1, 805, NULL),
(227, '2013-01-10', '2016-01-10', 23, 1, 806, NULL),
(228, '2013-01-10', '2016-01-10', 23, 1, 807, NULL),
(229, '2013-01-10', '2016-01-10', 23, 1, 808, NULL),
(230, '2013-01-10', '2016-01-10', 23, 1, 809, NULL),
(231, '2013-01-10', '2016-01-10', 23, 1, 810, NULL),
(232, '2013-01-10', '2016-01-10', 23, 1, 811, NULL),
(233, '2013-01-10', '2016-01-10', 23, 1, 812, NULL),
(234, '2013-01-10', '2016-01-10', 23, 1, 813, NULL),
(235, '2013-01-10', '2016-01-10', 23, 1, 814, NULL),
(236, '2013-01-10', '2016-01-10', 23, 1, 815, NULL),
(237, '2013-01-10', '2016-01-10', 23, 1, 816, NULL),
(238, '2013-01-10', '2016-01-10', 23, 1, 817, NULL),
(239, '2013-01-10', '2016-01-10', 23, 1, 818, NULL),
(240, '2013-01-10', '2016-01-10', 23, 1, 819, NULL),
(241, '2013-01-10', '2016-01-10', 23, 1, 820, NULL),
(242, '2013-01-10', '2016-01-10', 23, 1, 821, NULL),
(243, '2013-01-10', '2016-01-10', 23, 1, 822, NULL),
(244, '2013-01-10', '2016-01-10', 23, 1, 823, NULL),
(245, '2013-01-10', '2016-01-10', 23, 1, 824, NULL),
(246, '2013-01-10', '2016-01-10', 23, 1, 825, NULL),
(247, '2013-01-10', '2016-01-10', 23, 1, 826, NULL),
(248, '2013-01-10', '2016-01-10', 23, 1, 827, NULL),
(249, '2013-01-10', '2016-01-10', 23, 1, 828, NULL),
(250, '2013-01-10', '2016-01-10', 23, 1, 829, NULL),
(251, '2013-01-10', '2016-01-10', 23, 1, 830, NULL),
(252, '2013-01-10', '2016-01-10', 23, 1, 831, NULL),
(253, '2013-01-10', '2016-01-10', 23, 1, 832, NULL),
(254, '2013-01-10', '2016-01-10', 23, 1, 833, NULL),
(255, '2013-01-10', '2016-01-10', 23, 1, 834, NULL),
(256, '2013-06-03', '2016-06-03', 28, 1, 835, NULL),
(257, '2013-06-03', '2016-06-03', 28, 1, 836, NULL),
(258, '2013-06-03', '2016-06-03', 28, 1, 837, NULL),
(259, '2013-06-03', '2016-06-03', 28, 1, 838, NULL),
(260, '2013-06-03', '2016-06-03', 28, 1, 839, NULL),
(261, '2013-06-03', '2016-06-03', 28, 1, 840, NULL),
(262, '2013-06-03', '2016-06-03', 28, 1, 841, NULL),
(263, '2013-06-03', '2016-06-03', 28, 1, 842, NULL),
(264, '2013-06-03', '2016-06-03', 28, 1, 843, NULL),
(265, '2013-06-03', '2016-06-03', 28, 1, 844, NULL),
(266, '2013-06-03', '2016-06-03', 28, 1, 845, NULL),
(267, '2013-06-03', '2016-06-03', 28, 1, 846, NULL),
(268, '2013-06-03', '2016-06-03', 28, 1, 847, NULL),
(269, '2013-06-03', '2016-06-03', 28, 1, 848, NULL),
(270, '2013-06-03', '2016-06-03', 28, 1, 849, NULL),
(271, '2013-04-03', '2016-04-03', 26, 1, 850, NULL),
(272, '2013-04-03', '2016-04-03', 26, 1, 851, NULL),
(273, '2013-04-03', '2016-04-03', 26, 1, 852, NULL),
(274, '2013-04-03', '2016-04-03', 26, 1, 853, NULL),
(275, '2013-04-03', '2016-04-03', 26, 1, 854, NULL),
(276, '2013-04-03', '2016-04-03', 26, 1, 855, NULL),
(277, '2013-04-03', '2016-04-03', 26, 1, 856, NULL),
(278, '2013-04-03', '2016-04-03', 26, 1, 857, NULL),
(279, '2013-04-03', '2016-04-03', 26, 1, 858, NULL),
(280, '2013-04-03', '2016-04-03', 26, 1, 859, NULL),
(281, '2013-04-03', '2016-04-03', 26, 1, 860, NULL),
(282, '2013-04-03', '2016-04-03', 26, 1, 861, NULL),
(283, '2013-04-03', '2016-04-03', 26, 1, 862, NULL),
(284, '2013-04-03', '2016-04-03', 26, 1, 863, NULL),
(285, '2013-04-03', '2016-04-03', 26, 1, 864, NULL),
(286, '2013-04-03', '2016-04-03', 26, 1, 865, NULL),
(287, '2013-04-03', '2016-04-03', 26, 1, 866, NULL),
(288, '2013-04-03', '2016-04-03', 26, 1, 867, NULL),
(289, '2013-04-03', '2016-04-03', 26, 1, 868, NULL),
(290, '2013-04-03', '2016-04-03', 26, 1, 869, NULL),
(291, '2013-05-15', '2016-05-15', 27, 1, 870, NULL),
(292, '2013-05-15', '2016-05-15', 27, 1, 871, NULL),
(293, '2013-05-15', '2016-05-15', 27, 1, 872, NULL),
(294, '2013-05-15', '2016-05-15', 27, 1, 873, NULL),
(295, '2013-05-15', '2016-05-15', 27, 1, 874, NULL),
(296, '2013-05-15', '2016-05-15', 27, 1, 875, NULL),
(297, '2013-05-15', '2016-05-15', 27, 1, 876, NULL),
(298, '2013-05-15', '2016-05-15', 27, 1, 877, NULL),
(299, '2013-05-15', '2016-05-15', 27, 1, 878, NULL),
(300, '2013-05-15', '2016-05-15', 27, 1, 879, NULL),
(301, '2013-05-15', '2016-05-15', 27, 1, 880, NULL),
(302, '2013-05-15', '2016-05-15', 27, 1, 881, NULL),
(303, '2013-05-15', '2016-05-15', 27, 1, 882, NULL),
(304, '2013-05-15', '2016-05-15', 27, 1, 883, NULL),
(305, '2013-05-15', '2016-05-15', 27, 1, 884, NULL),
(306, '2013-05-15', '2016-05-15', 27, 1, 885, NULL),
(307, '2013-05-15', '2016-05-15', 27, 1, 886, NULL),
(308, '2013-05-15', '2016-05-15', 27, 1, 887, NULL),
(309, '2013-05-15', '2016-05-15', 27, 1, 888, NULL),
(310, '2013-05-15', '2016-05-15', 27, 1, 889, NULL),
(311, '2013-08-15', '2016-08-15', 31, 1, 890, NULL),
(312, '2013-08-15', '2016-08-15', 31, 1, 891, NULL),
(313, '2013-08-15', '2016-08-15', 31, 1, 892, NULL),
(314, '2013-08-15', '2016-08-15', 31, 1, 893, NULL),
(315, '2013-08-15', '2016-08-15', 31, 1, 894, NULL),
(316, '2013-08-15', '2016-08-15', 31, 1, 895, NULL),
(317, '2013-08-15', '2016-08-15', 31, 1, 896, NULL),
(318, '2013-08-15', '2016-08-15', 31, 1, 897, NULL),
(319, '2013-08-15', '2016-08-15', 31, 1, 898, NULL),
(320, '2013-08-15', '2016-08-15', 31, 1, 899, NULL),
(321, '2013-08-15', '2016-08-15', 31, 1, 900, NULL),
(322, '2013-08-15', '2016-08-15', 31, 1, 901, NULL),
(323, '2013-08-15', '2016-08-15', 31, 1, 902, NULL),
(324, '2013-08-15', '2016-08-15', 31, 1, 903, NULL),
(325, '2013-08-15', '2016-08-15', 31, 1, 904, NULL),
(326, '2012-08-28', '2013-08-28', -6, 0, 977, NULL),
(327, '2012-08-28', '2013-08-28', -6, 0, 978, NULL),
(328, '2012-08-28', '2013-08-28', -6, 0, 979, NULL),
(329, '2012-08-28', '2013-08-28', -6, 0, 980, NULL),
(330, '2012-08-28', '2013-08-28', -6, 0, 981, NULL),
(331, '2012-08-28', '2013-08-28', -6, 0, 982, NULL),
(332, '2012-08-28', '2013-08-28', -6, 0, 983, NULL),
(333, '2012-08-28', '2013-08-28', -6, 0, 984, NULL),
(334, '2012-08-28', '2013-08-28', -6, 0, 985, NULL),
(335, '2012-08-28', '2013-08-28', -6, 0, 986, NULL),
(336, '2013-12-03', '2014-12-03', 12, 1, NULL, 3);

--
-- Constraints for dumped tables
--

--
-- Constraints for table `accessory`
--
ALTER TABLE `accessory`
  ADD CONSTRAINT `assigned_device` FOREIGN KEY (`assigned_device_id`) REFERENCES `device` (`device_id`);

--
-- Constraints for table `assignment`
--
ALTER TABLE `assignment`
  ADD CONSTRAINT `assignment_ibfk_1` FOREIGN KEY (`device_id`) REFERENCES `device` (`device_id`) ON DELETE CASCADE ON UPDATE CASCADE,
  ADD CONSTRAINT `assignment_ibfk_3` FOREIGN KEY (`previous_assignment`) REFERENCES `assignment` (`assignment_id`) ON DELETE SET NULL ON UPDATE CASCADE,
  ADD CONSTRAINT `assignment_ibfk_4` FOREIGN KEY (`employee_id`) REFERENCES `employee` (`employee_id`) ON DELETE CASCADE ON UPDATE CASCADE;

--
-- Constraints for table `issue`
--
ALTER TABLE `issue`
  ADD CONSTRAINT `issue_ibfk_1` FOREIGN KEY (`device_id`) REFERENCES `device` (`device_id`) ON DELETE CASCADE ON UPDATE CASCADE,
  ADD CONSTRAINT `issue_ibfk_2` FOREIGN KEY (`employee_employee_id`) REFERENCES `employee` (`employee_id`) ON DELETE CASCADE ON UPDATE CASCADE;

--
-- Constraints for table `request`
--
ALTER TABLE `request`
  ADD CONSTRAINT `request_ibfk_1` FOREIGN KEY (`employee_employee_id`) REFERENCES `employee` (`employee_id`) ON DELETE CASCADE ON UPDATE CASCADE;

--
-- Constraints for table `upgrade`
--
ALTER TABLE `upgrade`
  ADD CONSTRAINT `upgrade_ibfk_2` FOREIGN KEY (`issue_issue_number`) REFERENCES `issue` (`issue_number`) ON DELETE CASCADE ON UPDATE CASCADE,
  ADD CONSTRAINT `upgrade_ibfk_3` FOREIGN KEY (`upgraded_device_id`) REFERENCES `device` (`device_id`) ON DELETE CASCADE ON UPDATE CASCADE,
  ADD CONSTRAINT `upgrade_ibfk_4` FOREIGN KEY (`upgraded_accessory_id`) REFERENCES `accessory` (`accessory_id`) ON DELETE CASCADE ON UPDATE CASCADE;

--
-- Constraints for table `warranty_card`
--
ALTER TABLE `warranty_card`
  ADD CONSTRAINT `warranty_card_ibfk_1` FOREIGN KEY (`device_id`) REFERENCES `device` (`device_id`) ON DELETE CASCADE ON UPDATE CASCADE,
  ADD CONSTRAINT `warranty_card_ibfk_2` FOREIGN KEY (`accessory_id`) REFERENCES `accessory` (`accessory_id`) ON DELETE CASCADE ON UPDATE CASCADE;

DELIMITER $$
--
-- Events
--
CREATE DEFINER=`root`@`localhost` EVENT `set_warranty_duration` ON SCHEDULE EVERY 1 MINUTE STARTS '2014-02-11 00:00:00' ON COMPLETION NOT PRESERVE ENABLE DO UPDATE warranty_card 
SET duration_in_months = DATEDIFF( end_date, CURDATE( ) ) /30$$

CREATE DEFINER=`root`@`localhost` EVENT `make_warranty_void` ON SCHEDULE EVERY 1 MINUTE STARTS '2014-02-11 00:00:00' ON COMPLETION NOT PRESERVE ENABLE DO update warranty_card set status=0
where warranty_number in
(
select warranty_number from
(
 select warranty_number  
 from warranty_card where end_date<CURDATE()
 ) as wn
)$$

DELIMITER ;

/*!40101 SET CHARACTER_SET_CLIENT=@OLD_CHARACTER_SET_CLIENT */;
/*!40101 SET CHARACTER_SET_RESULTS=@OLD_CHARACTER_SET_RESULTS */;
/*!40101 SET COLLATION_CONNECTION=@OLD_COLLATION_CONNECTION */;
